{"item_type":"5","item_name":"\u767d\u677f\u9879\u76ee\u793a\u4f8b","item_description":"","password":"","pages":{"pages":[{"page_title":"\u767d\u677f\u9879\u76ee\u793a\u4f8b","cat_id":"0","page_content":"{&quot;__canvasSize&quot;:{&quot;width&quot;:1900,&quot;height&quot;:950},&quot;version&quot;:&quot;4.6.0&quot;,&quot;objects&quot;:[{&quot;type&quot;:&quot;path&quot;,&quot;version&quot;:&quot;4.6.0&quot;,&quot;originX&quot;:&quot;left&quot;,&quot;originY&quot;:&quot;top&quot;,&quot;left&quot;:118,&quot;top&quot;:208,&quot;width&quot;:215,&quot;height&quot;:95,&quot;fill&quot;:null,&quot;stroke&quot;:&quot;#2c3e50&quot;,&quot;strokeWidth&quot;:3,&quot;strokeDashArray&quot;:null,&quot;strokeLineCap&quot;:&quot;round&quot;,&quot;strokeDashOffset&quot;:0,&quot;strokeLineJoin&quot;:&quot;round&quot;,&quot;strokeUniform&quot;:false,&quot;strokeMiterLimit&quot;:4,&quot;scaleX&quot;:1,&quot;scaleY&quot;:1,&quot;angle&quot;:-2,&quot;flipX&quot;:false,&quot;flipY&quot;:false,&quot;opacity&quot;:1,&quot;shadow&quot;:null,&quot;visible&quot;:true,&quot;backgroundColor&quot;:&quot;&quot;,&quot;fillRule&quot;:&quot;nonzero&quot;,&quot;paintFirst&quot;:&quot;fill&quot;,&quot;globalCompositeOperation&quot;:&quot;source-over&quot;,&quot;skewX&quot;:0,&quot;skewY&quot;:0,&quot;path&quot;:[[&quot;M&quot;,120,210],[&quot;Q&quot;,220,200,320,210],[&quot;Q&quot;,330,250,320,290],[&quot;Q&quot;,220,300,120,290],[&quot;Q&quot;,110,250,120,210],[&quot;Z&quot;]]},{&quot;type&quot;:&quot;path&quot;,&quot;version&quot;:&quot;4.6.0&quot;,&quot;originX&quot;:&quot;left&quot;,&quot;originY&quot;:&quot;top&quot;,&quot;left&quot;:120,&quot;top&quot;:210,&quot;width&quot;:207.75,&quot;height&quot;:87.77,&quot;fill&quot;:null,&quot;stroke&quot;:&quot;#2c3e50&quot;,&quot;strokeWidth&quot;:2,&quot;strokeDashArray&quot;:null,&quot;strokeLineCap&quot;:&quot;round&quot;,&quot;strokeDashOffset&quot;:0,&quot;strokeLineJoin&quot;:&quot;round&quot;,&quot;strokeUniform&quot;:false,&quot;strokeMiterLimit&quot;:4,&quot;scaleX&quot;:1,&quot;scaleY&quot;:1,&quot;angle&quot;:1,&quot;flipX&quot;:false,&quot;flipY&quot;:false,&quot;opacity&quot;:1,&quot;shadow&quot;:null,&quot;visible&quot;:true,&quot;backgroundColor&quot;:&quot;&quot;,&quot;fillRule&quot;:&quot;nonzero&quot;,&quot;paintFirst&quot;:&quot;fill&quot;,&quot;globalCompositeOperation&quot;:&quot;source-over&quot;,&quot;skewX&quot;:0,&quot;skewY&quot;:0,&quot;path&quot;:[[&quot;M&quot;,123,212],[&quot;Q&quot;,222,205,318,214],[&quot;Q&quot;,327,248,318,288],[&quot;Q&quot;,220,297,123,288],[&quot;Q&quot;,115,252,123,212],[&quot;Z&quot;]]},{&quot;type&quot;:&quot;i-text&quot;,&quot;version&quot;:&quot;4.6.0&quot;,&quot;originX&quot;:&quot;center&quot;,&quot;originY&quot;:&quot;center&quot;,&quot;left&quot;:220,&quot;top&quot;:252,&quot;width&quot;:88,&quot;height&quot;:24.86,&quot;fill&quot;:&quot;#2c3e50&quot;,&quot;stroke&quot;:null,&quot;strokeWidth&quot;:1,&quot;strokeDashArray&quot;:null,&quot;strokeLineCap&quot;:&quot;butt&quot;,&quot;strokeDashOffset&quot;:0,&quot;strokeLineJoin&quot;:&quot;miter&quot;,&quot;strokeUniform&quot;:false,&quot;strokeMiterLimit&quot;:4,&quot;scaleX&quot;:1,&quot;scaleY&quot;:1,&quot;angle&quot;:-2,&quot;flipX&quot;:false,&quot;flipY&quot;:false,&quot;opacity&quot;:1,&quot;shadow&quot;:null,&quot;visible&quot;:true,&quot;backgroundColor&quot;:&quot;&quot;,&quot;fillRule&quot;:&quot;nonzero&quot;,&quot;paintFirst&quot;:&quot;fill&quot;,&quot;globalCompositeOperation&quot;:&quot;source-over&quot;,&quot;skewX&quot;:0,&quot;skewY&quot;:0,&quot;fontFamily&quot;:&quot;Times New Roman&quot;,&quot;fontWeight&quot;:&quot;normal&quot;,&quot;fontSize&quot;:22,&quot;text&quot;:&quot;\u9700\u6c42\u8bc4\u5ba1&quot;,&quot;underline&quot;:false,&quot;overline&quot;:false,&quot;linethrough&quot;:false,&quot;textAlign&quot;:&quot;left&quot;,&quot;fontStyle&quot;:&quot;normal&quot;,&quot;lineHeight&quot;:1.16,&quot;textBackgroundColor&quot;:&quot;&quot;,&quot;charSpacing&quot;:0,&quot;styles&quot;:{},&quot;direction&quot;:&quot;ltr&quot;,&quot;path&quot;:null,&quot;pathStartOffset&quot;:0,&quot;pathSide&quot;:&quot;left&quot;},{&quot;type&quot;:&quot;path&quot;,&quot;version&quot;:&quot;4.6.0&quot;,&quot;originX&quot;:&quot;left&quot;,&quot;originY&quot;:&quot;top&quot;,&quot;left&quot;:408,&quot;top&quot;:203,&quot;width&quot;:211.54,&quot;height&quot;:98.51,&quot;fill&quot;:null,&quot;stroke&quot;:&quot;#2c3e50&quot;,&quot;strokeWidth&quot;:3,&quot;strokeDashArray&quot;:null,&quot;strokeLineCap&quot;:&quot;round&quot;,&quot;strokeDashOffset&quot;:0,&quot;strokeLineJoin&quot;:&quot;round&quot;,&quot;strokeUniform&quot;:false,&quot;strokeMiterLimit&quot;:4,&quot;scaleX&quot;:1,&quot;scaleY&quot;:1,&quot;angle&quot;:1,&quot;flipX&quot;:false,&quot;flipY&quot;:false,&quot;opacity&quot;:1,&quot;shadow&quot;:null,&quot;visible&quot;:true,&quot;backgroundColor&quot;:&quot;&quot;,&quot;fillRule&quot;:&quot;nonzero&quot;,&quot;paintFirst&quot;:&quot;fill&quot;,&quot;globalCompositeOperation&quot;:&quot;source-over&quot;,&quot;skewX&quot;:0,&quot;skewY&quot;:0,&quot;path&quot;:[[&quot;M&quot;,410,205],[&quot;Q&quot;,510,198,610,210],[&quot;Q&quot;,618,250,608,288],[&quot;Q&quot;,510,302,412,290],[&quot;Q&quot;,402,250,410,205],[&quot;Z&quot;]]},{&quot;type&quot;:&quot;path&quot;,&quot;version&quot;:&quot;4.6.0&quot;,&quot;originX&quot;:&quot;left&quot;,&quot;originY&quot;:&quot;top&quot;,&quot;left&quot;:410,&quot;top&quot;:205,&quot;width&quot;:204.41,&quot;height&quot;:90.47,&quot;fill&quot;:null,&quot;stroke&quot;:&quot;#2c3e50&quot;,&quot;strokeWidth&quot;:2,&quot;strokeDashArray&quot;:null,&quot;strokeLineCap&quot;:&quot;round&quot;,&quot;strokeDashOffset&quot;:0,&quot;strokeLineJoin&quot;:&quot;round&quot;,&quot;strokeUniform&quot;:false,&quot;strokeMiterLimit&quot;:4,&quot;scaleX&quot;:1,&quot;scaleY&quot;:1,&quot;angle&quot;:-1,&quot;flipX&quot;:false,&quot;flipY&quot;:false,&quot;opacity&quot;:1,&quot;shadow&quot;:null,&quot;visible&quot;:true,&quot;backgroundColor&quot;:&quot;&quot;,&quot;fillRule&quot;:&quot;nonzero&quot;,&quot;paintFirst&quot;:&quot;fill&quot;,&quot;globalCompositeOperation&quot;:&quot;source-over&quot;,&quot;skewX&quot;:0,&quot;skewY&quot;:0,&quot;path&quot;:[[&quot;M&quot;,413,208],[&quot;Q&quot;,508,202,608,212],[&quot;Q&quot;,614,248,606,286],[&quot;Q&quot;,508,297,414,287],[&quot;Q&quot;,406,250,413,208],[&quot;Z&quot;]]},{&quot;type&quot;:&quot;i-text&quot;,&quot;version&quot;:&quot;4.6.0&quot;,&quot;originX&quot;:&quot;center&quot;,&quot;originY&quot;:&quot;center&quot;,&quot;left&quot;:510,&quot;top&quot;:248,&quot;width&quot;:94.11,&quot;height&quot;:24.86,&quot;fill&quot;:&quot;#2c3e50&quot;,&quot;stroke&quot;:null,&quot;strokeWidth&quot;:1,&quot;strokeDashArray&quot;:null,&quot;strokeLineCap&quot;:&quot;butt&quot;,&quot;strokeDashOffset&quot;:0,&quot;strokeLineJoin&quot;:&quot;miter&quot;,&quot;strokeUniform&quot;:false,&quot;strokeMiterLimit&quot;:4,&quot;scaleX&quot;:1,&quot;scaleY&quot;:1,&quot;angle&quot;:1,&quot;flipX&quot;:false,&quot;flipY&quot;:false,&quot;opacity&quot;:1,&quot;shadow&quot;:null,&quot;visible&quot;:true,&quot;backgroundColor&quot;:&quot;&quot;,&quot;fillRule&quot;:&quot;nonzero&quot;,&quot;paintFirst&quot;:&quot;fill&quot;,&quot;globalCompositeOperation&quot;:&quot;source-over&quot;,&quot;skewX&quot;:0,&quot;skewY&quot;:0,&quot;fontFamily&quot;:&quot;Times New Roman&quot;,&quot;fontWeight&quot;:&quot;normal&quot;,&quot;fontSize&quot;:22,&quot;text&quot;:&quot;\u539f\u578b\/\u8bbe\u8ba1&quot;,&quot;underline&quot;:false,&quot;overline&quot;:false,&quot;linethrough&quot;:false,&quot;textAlign&quot;:&quot;left&quot;,&quot;fontStyle&quot;:&quot;normal&quot;,&quot;lineHeight&quot;:1.16,&quot;textBackgroundColor&quot;:&quot;&quot;,&quot;charSpacing&quot;:0,&quot;styles&quot;:{},&quot;direction&quot;:&quot;ltr&quot;,&quot;path&quot;:null,&quot;pathStartOffset&quot;:0,&quot;pathSide&quot;:&quot;left&quot;},{&quot;type&quot;:&quot;path&quot;,&quot;version&quot;:&quot;4.6.0&quot;,&quot;originX&quot;:&quot;left&quot;,&quot;originY&quot;:&quot;top&quot;,&quot;left&quot;:698,&quot;top&quot;:206,&quot;width&quot;:210.05,&quot;height&quot;:93.35,&quot;fill&quot;:null,&quot;stroke&quot;:&quot;#2c3e50&quot;,&quot;strokeWidth&quot;:3,&quot;strokeDashArray&quot;:null,&quot;strokeLineCap&quot;:&quot;round&quot;,&quot;strokeDashOffset&quot;:0,&quot;strokeLineJoin&quot;:&quot;round&quot;,&quot;strokeUniform&quot;:false,&quot;strokeMiterLimit&quot;:4,&quot;scaleX&quot;:1,&quot;scaleY&quot;:1,&quot;angle&quot;:1,&quot;flipX&quot;:false,&quot;flipY&quot;:false,&quot;opacity&quot;:1,&quot;shadow&quot;:null,&quot;visible&quot;:true,&quot;backgroundColor&quot;:&quot;&quot;,&quot;fillRule&quot;:&quot;nonzero&quot;,&quot;paintFirst&quot;:&quot;fill&quot;,&quot;globalCompositeOperation&quot;:&quot;source-over&quot;,&quot;skewX&quot;:0,&quot;skewY&quot;:0,&quot;path&quot;:[[&quot;M&quot;,700,208],[&quot;Q&quot;,800,200,900,210],[&quot;Q&quot;,908,248,898,286],[&quot;Q&quot;,800,298,702,290],[&quot;Q&quot;,694,250,700,208],[&quot;Z&quot;]]},{&quot;type&quot;:&quot;path&quot;,&quot;version&quot;:&quot;4.6.0&quot;,&quot;originX&quot;:&quot;left&quot;,&quot;originY&quot;:&quot;top&quot;,&quot;left&quot;:700,&quot;top&quot;:208,&quot;width&quot;:204.41,&quot;height&quot;:87.36,&quot;fill&quot;:null,&quot;stroke&quot;:&quot;#2c3e50&quot;,&quot;strokeWidth&quot;:2,&quot;strokeDashArray&quot;:null,&quot;strokeLineCap&quot;:&quot;round&quot;,&quot;strokeDashOffset&quot;:0,&quot;strokeLineJoin&quot;:&quot;round&quot;,&quot;strokeUniform&quot;:false,&quot;strokeMiterLimit&quot;:4,&quot;scaleX&quot;:1,&quot;scaleY&quot;:1,&quot;angle&quot;:-1,&quot;flipX&quot;:false,&quot;flipY&quot;:false,&quot;opacity&quot;:1,&quot;shadow&quot;:null,&quot;visible&quot;:true,&quot;backgroundColor&quot;:&quot;&quot;,&quot;fillRule&quot;:&quot;nonzero&quot;,&quot;paintFirst&quot;:&quot;fill&quot;,&quot;globalCompositeOperation&quot;:&quot;source-over&quot;,&quot;skewX&quot;:0,&quot;skewY&quot;:0,&quot;path&quot;:[[&quot;M&quot;,703,210],[&quot;Q&quot;,798,204,898,214],[&quot;Q&quot;,904,246,896,284],[&quot;Q&quot;,798,296,704,286],[&quot;Q&quot;,696,250,703,210],[&quot;Z&quot;]]},{&quot;type&quot;:&quot;i-text&quot;,&quot;version&quot;:&quot;4.6.0&quot;,&quot;originX&quot;:&quot;center&quot;,&quot;originY&quot;:&quot;center&quot;,&quot;left&quot;:800,&quot;top&quot;:250,&quot;width&quot;:88,&quot;height&quot;:24.86,&quot;fill&quot;:&quot;#2c3e50&quot;,&quot;stroke&quot;:null,&quot;strokeWidth&quot;:1,&quot;strokeDashArray&quot;:null,&quot;strokeLineCap&quot;:&quot;butt&quot;,&quot;strokeDashOffset&quot;:0,&quot;strokeLineJoin&quot;:&quot;miter&quot;,&quot;strokeUniform&quot;:false,&quot;strokeMiterLimit&quot;:4,&quot;scaleX&quot;:1,&quot;scaleY&quot;:1,&quot;angle&quot;:-2,&quot;flipX&quot;:false,&quot;flipY&quot;:false,&quot;opacity&quot;:1,&quot;shadow&quot;:null,&quot;visible&quot;:true,&quot;backgroundColor&quot;:&quot;&quot;,&quot;fillRule&quot;:&quot;nonzero&quot;,&quot;paintFirst&quot;:&quot;fill&quot;,&quot;globalCompositeOperation&quot;:&quot;source-over&quot;,&quot;skewX&quot;:0,&quot;skewY&quot;:0,&quot;fontFamily&quot;:&quot;Times New Roman&quot;,&quot;fontWeight&quot;:&quot;normal&quot;,&quot;fontSize&quot;:22,&quot;text&quot;:&quot;\u5f00\u53d1\u5b9e\u73b0&quot;,&quot;underline&quot;:false,&quot;overline&quot;:false,&quot;linethrough&quot;:false,&quot;textAlign&quot;:&quot;left&quot;,&quot;fontStyle&quot;:&quot;normal&quot;,&quot;lineHeight&quot;:1.16,&quot;textBackgroundColor&quot;:&quot;&quot;,&quot;charSpacing&quot;:0,&quot;styles&quot;:{},&quot;direction&quot;:&quot;ltr&quot;,&quot;path&quot;:null,&quot;pathStartOffset&quot;:0,&quot;pathSide&quot;:&quot;left&quot;},{&quot;type&quot;:&quot;path&quot;,&quot;version&quot;:&quot;4.6.0&quot;,&quot;originX&quot;:&quot;left&quot;,&quot;originY&quot;:&quot;top&quot;,&quot;left&quot;:988,&quot;top&quot;:203,&quot;width&quot;:209.3,&quot;height&quot;:93.55,&quot;fill&quot;:null,&quot;stroke&quot;:&quot;#2c3e50&quot;,&quot;strokeWidth&quot;:3,&quot;strokeDashArray&quot;:null,&quot;strokeLineCap&quot;:&quot;round&quot;,&quot;strokeDashOffset&quot;:0,&quot;strokeLineJoin&quot;:&quot;round&quot;,&quot;strokeUniform&quot;:false,&quot;strokeMiterLimit&quot;:4,&quot;scaleX&quot;:1,&quot;scaleY&quot;:1,&quot;angle&quot;:0,&quot;flipX&quot;:false,&quot;flipY&quot;:false,&quot;opacity&quot;:1,&quot;shadow&quot;:null,&quot;visible&quot;:true,&quot;backgroundColor&quot;:&quot;&quot;,&quot;fillRule&quot;:&quot;nonzero&quot;,&quot;paintFirst&quot;:&quot;fill&quot;,&quot;globalCompositeOperation&quot;:&quot;source-over&quot;,&quot;skewX&quot;:0,&quot;skewY&quot;:0,&quot;path&quot;:[[&quot;M&quot;,990,205],[&quot;Q&quot;,1090,200,1190,210],[&quot;Q&quot;,1198,248,1188,286],[&quot;Q&quot;,1090,298,992,288],[&quot;Q&quot;,985,250,990,205],[&quot;Z&quot;]]},{&quot;type&quot;:&quot;path&quot;,&quot;version&quot;:&quot;4.6.0&quot;,&quot;originX&quot;:&quot;left&quot;,&quot;originY&quot;:&quot;top&quot;,&quot;left&quot;:990,&quot;top&quot;:205,&quot;width&quot;:202.91,&quot;height&quot;:89.55,&quot;fill&quot;:null,&quot;stroke&quot;:&quot;#2c3e50&quot;,&quot;strokeWidth&quot;:2,&quot;strokeDashArray&quot;:null,&quot;strokeLineCap&quot;:&quot;round&quot;,&quot;strokeDashOffset&quot;:0,&quot;strokeLineJoin&quot;:&quot;round&quot;,&quot;strokeUniform&quot;:false,&quot;strokeMiterLimit&quot;:4,&quot;scaleX&quot;:1,&quot;scaleY&quot;:1,&quot;angle&quot;:1,&quot;flipX&quot;:false,&quot;flipY&quot;:false,&quot;opacity&quot;:1,&quot;shadow&quot;:null,&quot;visible&quot;:true,&quot;backgroundColor&quot;:&quot;&quot;,&quot;fillRule&quot;:&quot;nonzero&quot;,&quot;paintFirst&quot;:&quot;fill&quot;,&quot;globalCompositeOperation&quot;:&quot;source-over&quot;,&quot;skewX&quot;:0,&quot;skewY&quot;:0,&quot;path&quot;:[[&quot;M&quot;,993,207],[&quot;Q&quot;,1088,202,1188,212],[&quot;Q&quot;,1194,246,1186,284],[&quot;Q&quot;,1088,296,994,286],[&quot;Q&quot;,988,250,993,207],[&quot;Z&quot;]]},{&quot;type&quot;:&quot;i-text&quot;,&quot;version&quot;:&quot;4.6.0&quot;,&quot;originX&quot;:&quot;center&quot;,&quot;originY&quot;:&quot;center&quot;,&quot;left&quot;:1090,&quot;top&quot;:247,&quot;width&quot;:88,&quot;height&quot;:24.86,&quot;fill&quot;:&quot;#2c3e50&quot;,&quot;stroke&quot;:null,&quot;strokeWidth&quot;:1,&quot;strokeDashArray&quot;:null,&quot;strokeLineCap&quot;:&quot;butt&quot;,&quot;strokeDashOffset&quot;:0,&quot;strokeLineJoin&quot;:&quot;miter&quot;,&quot;strokeUniform&quot;:false,&quot;strokeMiterLimit&quot;:4,&quot;scaleX&quot;:1,&quot;scaleY&quot;:1,&quot;angle&quot;:1,&quot;flipX&quot;:false,&quot;flipY&quot;:false,&quot;opacity&quot;:1,&quot;shadow&quot;:null,&quot;visible&quot;:true,&quot;backgroundColor&quot;:&quot;&quot;,&quot;fillRule&quot;:&quot;nonzero&quot;,&quot;paintFirst&quot;:&quot;fill&quot;,&quot;globalCompositeOperation&quot;:&quot;source-over&quot;,&quot;skewX&quot;:0,&quot;skewY&quot;:0,&quot;fontFamily&quot;:&quot;Times New Roman&quot;,&quot;fontWeight&quot;:&quot;normal&quot;,&quot;fontSize&quot;:22,&quot;text&quot;:&quot;\u63a5\u53e3\u8054\u8c03&quot;,&quot;underline&quot;:false,&quot;overline&quot;:false,&quot;linethrough&quot;:false,&quot;textAlign&quot;:&quot;left&quot;,&quot;fontStyle&quot;:&quot;normal&quot;,&quot;lineHeight&quot;:1.16,&quot;textBackgroundColor&quot;:&quot;&quot;,&quot;charSpacing&quot;:0,&quot;styles&quot;:{},&quot;direction&quot;:&quot;ltr&quot;,&quot;path&quot;:null,&quot;pathStartOffset&quot;:0,&quot;pathSide&quot;:&quot;left&quot;},{&quot;type&quot;:&quot;path&quot;,&quot;version&quot;:&quot;4.6.0&quot;,&quot;originX&quot;:&quot;left&quot;,&quot;originY&quot;:&quot;top&quot;,&quot;left&quot;:1278,&quot;top&quot;:203,&quot;width&quot;:210.05,&quot;height&quot;:95.02,&quot;fill&quot;:null,&quot;stroke&quot;:&quot;#2c3e50&quot;,&quot;strokeWidth&quot;:3,&quot;strokeDashArray&quot;:null,&quot;strokeLineCap&quot;:&quot;round&quot;,&quot;strokeDashOffset&quot;:0,&quot;strokeLineJoin&quot;:&quot;round&quot;,&quot;strokeUniform&quot;:false,&quot;strokeMiterLimit&quot;:4,&quot;scaleX&quot;:1,&quot;scaleY&quot;:1,&quot;angle&quot;:-1,&quot;flipX&quot;:false,&quot;flipY&quot;:false,&quot;opacity&quot;:1,&quot;shadow&quot;:null,&quot;visible&quot;:true,&quot;backgroundColor&quot;:&quot;&quot;,&quot;fillRule&quot;:&quot;nonzero&quot;,&quot;paintFirst&quot;:&quot;fill&quot;,&quot;globalCompositeOperation&quot;:&quot;source-over&quot;,&quot;skewX&quot;:0,&quot;skewY&quot;:0,&quot;path&quot;:[[&quot;M&quot;,1280,205],[&quot;Q&quot;,1380,198,1480,210],[&quot;Q&quot;,1488,248,1478,286],[&quot;Q&quot;,1380,298,1282,288],[&quot;Q&quot;,1274,250,1280,205],[&quot;Z&quot;]]},{&quot;type&quot;:&quot;path&quot;,&quot;version&quot;:&quot;4.6.0&quot;,&quot;originX&quot;:&quot;left&quot;,&quot;originY&quot;:&quot;top&quot;,&quot;left&quot;:1280,&quot;top&quot;:205,&quot;width&quot;:204.41,&quot;height&quot;:89.55,&quot;fill&quot;:null,&quot;stroke&quot;:&quot;#2c3e50&quot;,&quot;strokeWidth&quot;:2,&quot;strokeDashArray&quot;:null,&quot;strokeLineCap&quot;:&quot;round&quot;,&quot;strokeDashOffset&quot;:0,&quot;strokeLineJoin&quot;:&quot;round&quot;,&quot;strokeUniform&quot;:false,&quot;strokeMiterLimit&quot;:4,&quot;scaleX&quot;:1,&quot;scaleY&quot;:1,&quot;angle&quot;:2,&quot;flipX&quot;:false,&quot;flipY&quot;:false,&quot;opacity&quot;:1,&quot;shadow&quot;:null,&quot;visible&quot;:true,&quot;backgroundColor&quot;:&quot;&quot;,&quot;fillRule&quot;:&quot;nonzero&quot;,&quot;paintFirst&quot;:&quot;fill&quot;,&quot;globalCompositeOperation&quot;:&quot;source-over&quot;,&quot;skewX&quot;:0,&quot;skewY&quot;:0,&quot;path&quot;:[[&quot;M&quot;,1283,207],[&quot;Q&quot;,1378,202,1478,212],[&quot;Q&quot;,1484,246,1476,284],[&quot;Q&quot;,1378,296,1284,286],[&quot;Q&quot;,1276,250,1283,207],[&quot;Z&quot;]]},{&quot;type&quot;:&quot;i-text&quot;,&quot;version&quot;:&quot;4.6.0&quot;,&quot;originX&quot;:&quot;center&quot;,&quot;originY&quot;:&quot;center&quot;,&quot;left&quot;:1380,&quot;top&quot;:247,&quot;width&quot;:88,&quot;height&quot;:24.86,&quot;fill&quot;:&quot;#2c3e50&quot;,&quot;stroke&quot;:null,&quot;strokeWidth&quot;:1,&quot;strokeDashArray&quot;:null,&quot;strokeLineCap&quot;:&quot;butt&quot;,&quot;strokeDashOffset&quot;:0,&quot;strokeLineJoin&quot;:&quot;miter&quot;,&quot;strokeUniform&quot;:false,&quot;strokeMiterLimit&quot;:4,&quot;scaleX&quot;:1,&quot;scaleY&quot;:1,&quot;angle&quot;:-2,&quot;flipX&quot;:false,&quot;flipY&quot;:false,&quot;opacity&quot;:1,&quot;shadow&quot;:null,&quot;visible&quot;:true,&quot;backgroundColor&quot;:&quot;&quot;,&quot;fillRule&quot;:&quot;nonzero&quot;,&quot;paintFirst&quot;:&quot;fill&quot;,&quot;globalCompositeOperation&quot;:&quot;source-over&quot;,&quot;skewX&quot;:0,&quot;skewY&quot;:0,&quot;fontFamily&quot;:&quot;Times New Roman&quot;,&quot;fontWeight&quot;:&quot;normal&quot;,&quot;fontSize&quot;:22,&quot;text&quot;:&quot;\u6d4b\u8bd5\u9a8c\u6536&quot;,&quot;underline&quot;:false,&quot;overline&quot;:false,&quot;linethrough&quot;:false,&quot;textAlign&quot;:&quot;left&quot;,&quot;fontStyle&quot;:&quot;normal&quot;,&quot;lineHeight&quot;:1.16,&quot;textBackgroundColor&quot;:&quot;&quot;,&quot;charSpacing&quot;:0,&quot;styles&quot;:{},&quot;direction&quot;:&quot;ltr&quot;,&quot;path&quot;:null,&quot;pathStartOffset&quot;:0,&quot;pathSide&quot;:&quot;left&quot;},{&quot;type&quot;:&quot;path&quot;,&quot;version&quot;:&quot;4.6.0&quot;,&quot;originX&quot;:&quot;left&quot;,&quot;originY&quot;:&quot;top&quot;,&quot;left&quot;:1568,&quot;top&quot;:203,&quot;width&quot;:210.05,&quot;height&quot;:95.02,&quot;fill&quot;:null,&quot;stroke&quot;:&quot;#2c3e50&quot;,&quot;strokeWidth&quot;:3,&quot;strokeDashArray&quot;:null,&quot;strokeLineCap&quot;:&quot;round&quot;,&quot;strokeDashOffset&quot;:0,&quot;strokeLineJoin&quot;:&quot;round&quot;,&quot;strokeUniform&quot;:false,&quot;strokeMiterLimit&quot;:4,&quot;scaleX&quot;:1,&quot;scaleY&quot;:1,&quot;angle&quot;:1,&quot;flipX&quot;:false,&quot;flipY&quot;:false,&quot;opacity&quot;:1,&quot;shadow&quot;:null,&quot;visible&quot;:true,&quot;backgroundColor&quot;:&quot;&quot;,&quot;fillRule&quot;:&quot;nonzero&quot;,&quot;paintFirst&quot;:&quot;fill&quot;,&quot;globalCompositeOperation&quot;:&quot;source-over&quot;,&quot;skewX&quot;:0,&quot;skewY&quot;:0,&quot;path&quot;:[[&quot;M&quot;,1570,205],[&quot;Q&quot;,1670,198,1770,210],[&quot;Q&quot;,1778,248,1768,286],[&quot;Q&quot;,1670,298,1572,288],[&quot;Q&quot;,1564,250,1570,205],[&quot;Z&quot;]]},{&quot;type&quot;:&quot;path&quot;,&quot;version&quot;:&quot;4.6.0&quot;,&quot;originX&quot;:&quot;left&quot;,&quot;originY&quot;:&quot;top&quot;,&quot;left&quot;:1570,&quot;top&quot;:205,&quot;width&quot;:204.41,&quot;height&quot;:89.55,&quot;fill&quot;:null,&quot;stroke&quot;:&quot;#2c3e50&quot;,&quot;strokeWidth&quot;:2,&quot;strokeDashArray&quot;:null,&quot;strokeLineCap&quot;:&quot;round&quot;,&quot;strokeDashOffset&quot;:0,&quot;strokeLineJoin&quot;:&quot;round&quot;,&quot;strokeUniform&quot;:false,&quot;strokeMiterLimit&quot;:4,&quot;scaleX&quot;:1,&quot;scaleY&quot;:1,&quot;angle&quot;:-2,&quot;flipX&quot;:false,&quot;flipY&quot;:false,&quot;opacity&quot;:1,&quot;shadow&quot;:null,&quot;visible&quot;:true,&quot;backgroundColor&quot;:&quot;&quot;,&quot;fillRule&quot;:&quot;nonzero&quot;,&quot;paintFirst&quot;:&quot;fill&quot;,&quot;globalCompositeOperation&quot;:&quot;source-over&quot;,&quot;skewX&quot;:0,&quot;skewY&quot;:0,&quot;path&quot;:[[&quot;M&quot;,1573,207],[&quot;Q&quot;,1668,202,1768,212],[&quot;Q&quot;,1774,246,1766,284],[&quot;Q&quot;,1668,296,1574,286],[&quot;Q&quot;,1566,250,1573,207],[&quot;Z&quot;]]},{&quot;type&quot;:&quot;i-text&quot;,&quot;version&quot;:&quot;4.6.0&quot;,&quot;originX&quot;:&quot;center&quot;,&quot;originY&quot;:&quot;center&quot;,&quot;left&quot;:1670,&quot;top&quot;:247,&quot;width&quot;:88,&quot;height&quot;:24.86,&quot;fill&quot;:&quot;#2c3e50&quot;,&quot;stroke&quot;:null,&quot;strokeWidth&quot;:1,&quot;strokeDashArray&quot;:null,&quot;strokeLineCap&quot;:&quot;butt&quot;,&quot;strokeDashOffset&quot;:0,&quot;strokeLineJoin&quot;:&quot;miter&quot;,&quot;strokeUniform&quot;:false,&quot;strokeMiterLimit&quot;:4,&quot;scaleX&quot;:1,&quot;scaleY&quot;:1,&quot;angle&quot;:1,&quot;flipX&quot;:false,&quot;flipY&quot;:false,&quot;opacity&quot;:1,&quot;shadow&quot;:null,&quot;visible&quot;:true,&quot;backgroundColor&quot;:&quot;&quot;,&quot;fillRule&quot;:&quot;nonzero&quot;,&quot;paintFirst&quot;:&quot;fill&quot;,&quot;globalCompositeOperation&quot;:&quot;source-over&quot;,&quot;skewX&quot;:0,&quot;skewY&quot;:0,&quot;fontFamily&quot;:&quot;Times New Roman&quot;,&quot;fontWeight&quot;:&quot;normal&quot;,&quot;fontSize&quot;:22,&quot;text&quot;:&quot;\u4e0a\u7ebf\u53d1\u5e03&quot;,&quot;underline&quot;:false,&quot;overline&quot;:false,&quot;linethrough&quot;:false,&quot;textAlign&quot;:&quot;left&quot;,&quot;fontStyle&quot;:&quot;normal&quot;,&quot;lineHeight&quot;:1.16,&quot;textBackgroundColor&quot;:&quot;&quot;,&quot;charSpacing&quot;:0,&quot;styles&quot;:{},&quot;direction&quot;:&quot;ltr&quot;,&quot;path&quot;:null,&quot;pathStartOffset&quot;:0,&quot;pathSide&quot;:&quot;left&quot;},{&quot;type&quot;:&quot;path&quot;,&quot;version&quot;:&quot;4.6.0&quot;,&quot;originX&quot;:&quot;left&quot;,&quot;originY&quot;:&quot;top&quot;,&quot;left&quot;:320,&quot;top&quot;:248,&quot;width&quot;:90,&quot;height&quot;:5.05,&quot;fill&quot;:null,&quot;stroke&quot;:&quot;#34495e&quot;,&quot;strokeWidth&quot;:3,&quot;strokeDashArray&quot;:null,&quot;strokeLineCap&quot;:&quot;round&quot;,&quot;strokeDashOffset&quot;:0,&quot;strokeLineJoin&quot;:&quot;round&quot;,&quot;strokeUniform&quot;:false,&quot;strokeMiterLimit&quot;:4,&quot;scaleX&quot;:1,&quot;scaleY&quot;:1,&quot;angle&quot;:0,&quot;flipX&quot;:false,&quot;flipY&quot;:false,&quot;opacity&quot;:1,&quot;shadow&quot;:null,&quot;visible&quot;:true,&quot;backgroundColor&quot;:&quot;&quot;,&quot;fillRule&quot;:&quot;nonzero&quot;,&quot;paintFirst&quot;:&quot;fill&quot;,&quot;globalCompositeOperation&quot;:&quot;source-over&quot;,&quot;skewX&quot;:0,&quot;skewY&quot;:0,&quot;path&quot;:[[&quot;M&quot;,322,250],[&quot;Q&quot;,360,245,390,248],[&quot;Q&quot;,410,252,412,248]]},{&quot;type&quot;:&quot;path&quot;,&quot;version&quot;:&quot;4.6.0&quot;,&quot;originX&quot;:&quot;left&quot;,&quot;originY&quot;:&quot;top&quot;,&quot;left&quot;:407,&quot;top&quot;:244,&quot;width&quot;:8,&quot;height&quot;:8,&quot;fill&quot;:&quot;#34495e&quot;,&quot;stroke&quot;:&quot;#34495e&quot;,&quot;strokeWidth&quot;:3,&quot;strokeDashArray&quot;:null,&quot;strokeLineCap&quot;:&quot;butt&quot;,&quot;strokeDashOffset&quot;:0,&quot;strokeLineJoin&quot;:&quot;miter&quot;,&quot;strokeUniform&quot;:false,&quot;strokeMiterLimit&quot;:4,&quot;scaleX&quot;:1,&quot;scaleY&quot;:1,&quot;angle&quot;:0,&quot;flipX&quot;:false,&quot;flipY&quot;:false,&quot;opacity&quot;:1,&quot;shadow&quot;:null,&quot;visible&quot;:true,&quot;backgroundColor&quot;:&quot;&quot;,&quot;fillRule&quot;:&quot;nonzero&quot;,&quot;paintFirst&quot;:&quot;fill&quot;,&quot;globalCompositeOperation&quot;:&quot;source-over&quot;,&quot;skewX&quot;:0,&quot;skewY&quot;:0,&quot;path&quot;:[[&quot;M&quot;,407,245],[&quot;L&quot;,415,249],[&quot;L&quot;,407,253],[&quot;Z&quot;]]},{&quot;type&quot;:&quot;path&quot;,&quot;version&quot;:&quot;4.6.0&quot;,&quot;originX&quot;:&quot;left&quot;,&quot;originY&quot;:&quot;top&quot;,&quot;left&quot;:610,&quot;top&quot;:246,&quot;width&quot;:90,&quot;height&quot;:5.25,&quot;fill&quot;:null,&quot;stroke&quot;:&quot;#34495e&quot;,&quot;strokeWidth&quot;:3,&quot;strokeDashArray&quot;:null,&quot;strokeLineCap&quot;:&quot;round&quot;,&quot;strokeDashOffset&quot;:0,&quot;strokeLineJoin&quot;:&quot;round&quot;,&quot;strokeUniform&quot;:false,&quot;strokeMiterLimit&quot;:4,&quot;scaleX&quot;:1,&quot;scaleY&quot;:1,&quot;angle&quot;:0,&quot;flipX&quot;:false,&quot;flipY&quot;:false,&quot;opacity&quot;:1,&quot;shadow&quot;:null,&quot;visible&quot;:true,&quot;backgroundColor&quot;:&quot;&quot;,&quot;fillRule&quot;:&quot;nonzero&quot;,&quot;paintFirst&quot;:&quot;fill&quot;,&quot;globalCompositeOperation&quot;:&quot;source-over&quot;,&quot;skewX&quot;:0,&quot;skewY&quot;:0,&quot;path&quot;:[[&quot;M&quot;,612,248],[&quot;Q&quot;,650,245,680,248],[&quot;Q&quot;,700,252,702,248]]},{&quot;type&quot;:&quot;path&quot;,&quot;version&quot;:&quot;4.6.0&quot;,&quot;originX&quot;:&quot;left&quot;,&quot;originY&quot;:&quot;top&quot;,&quot;left&quot;:697,&quot;top&quot;:244,&quot;width&quot;:8,&quot;height&quot;:8,&quot;fill&quot;:&quot;#34495e&quot;,&quot;stroke&quot;:&quot;#34495e&quot;,&quot;strokeWidth&quot;:3,&quot;strokeDashArray&quot;:null,&quot;strokeLineCap&quot;:&quot;butt&quot;,&quot;strokeDashOffset&quot;:0,&quot;strokeLineJoin&quot;:&quot;miter&quot;,&quot;strokeUniform&quot;:false,&quot;strokeMiterLimit&quot;:4,&quot;scaleX&quot;:1,&quot;scaleY&quot;:1,&quot;angle&quot;:0,&quot;flipX&quot;:false,&quot;flipY&quot;:false,&quot;opacity&quot;:1,&quot;shadow&quot;:null,&quot;visible&quot;:true,&quot;backgroundColor&quot;:&quot;&quot;,&quot;fillRule&quot;:&quot;nonzero&quot;,&quot;paintFirst&quot;:&quot;fill&quot;,&quot;globalCompositeOperation&quot;:&quot;source-over&quot;,&quot;skewX&quot;:0,&quot;skewY&quot;:0,&quot;path&quot;:[[&quot;M&quot;,697,245],[&quot;L&quot;,705,249],[&quot;L&quot;,697,253],[&quot;Z&quot;]]},{&quot;type&quot;:&quot;path&quot;,&quot;version&quot;:&quot;4.6.0&quot;,&quot;originX&quot;:&quot;left&quot;,&quot;originY&quot;:&quot;top&quot;,&quot;left&quot;:900,&quot;top&quot;:246,&quot;width&quot;:90,&quot;height&quot;:5.25,&quot;fill&quot;:null,&quot;stroke&quot;:&quot;#34495e&quot;,&quot;strokeWidth&quot;:3,&quot;strokeDashArray&quot;:null,&quot;strokeLineCap&quot;:&quot;round&quot;,&quot;strokeDashOffset&quot;:0,&quot;strokeLineJoin&quot;:&quot;round&quot;,&quot;strokeUniform&quot;:false,&quot;strokeMiterLimit&quot;:4,&quot;scaleX&quot;:1,&quot;scaleY&quot;:1,&quot;angle&quot;:0,&quot;flipX&quot;:false,&quot;flipY&quot;:false,&quot;opacity&quot;:1,&quot;shadow&quot;:null,&quot;visible&quot;:true,&quot;backgroundColor&quot;:&quot;&quot;,&quot;fillRule&quot;:&quot;nonzero&quot;,&quot;paintFirst&quot;:&quot;fill&quot;,&quot;globalCompositeOperation&quot;:&quot;source-over&quot;,&quot;skewX&quot;:0,&quot;skewY&quot;:0,&quot;path&quot;:[[&quot;M&quot;,902,248],[&quot;Q&quot;,940,245,970,248],[&quot;Q&quot;,990,252,992,248]]},{&quot;type&quot;:&quot;path&quot;,&quot;version&quot;:&quot;4.6.0&quot;,&quot;originX&quot;:&quot;left&quot;,&quot;originY&quot;:&quot;top&quot;,&quot;left&quot;:987,&quot;top&quot;:244,&quot;width&quot;:8,&quot;height&quot;:8,&quot;fill&quot;:&quot;#34495e&quot;,&quot;stroke&quot;:&quot;#34495e&quot;,&quot;strokeWidth&quot;:3,&quot;strokeDashArray&quot;:null,&quot;strokeLineCap&quot;:&quot;butt&quot;,&quot;strokeDashOffset&quot;:0,&quot;strokeLineJoin&quot;:&quot;miter&quot;,&quot;strokeUniform&quot;:false,&quot;strokeMiterLimit&quot;:4,&quot;scaleX&quot;:1,&quot;scaleY&quot;:1,&quot;angle&quot;:0,&quot;flipX&quot;:false,&quot;flipY&quot;:false,&quot;opacity&quot;:1,&quot;shadow&quot;:null,&quot;visible&quot;:true,&quot;backgroundColor&quot;:&quot;&quot;,&quot;fillRule&quot;:&quot;nonzero&quot;,&quot;paintFirst&quot;:&quot;fill&quot;,&quot;globalCompositeOperation&quot;:&quot;source-over&quot;,&quot;skewX&quot;:0,&quot;skewY&quot;:0,&quot;path&quot;:[[&quot;M&quot;,987,245],[&quot;L&quot;,995,249],[&quot;L&quot;,987,253],[&quot;Z&quot;]]},{&quot;type&quot;:&quot;path&quot;,&quot;version&quot;:&quot;4.6.0&quot;,&quot;originX&quot;:&quot;left&quot;,&quot;originY&quot;:&quot;top&quot;,&quot;left&quot;:1190,&quot;top&quot;:246,&quot;width&quot;:90,&quot;height&quot;:5.25,&quot;fill&quot;:null,&quot;stroke&quot;:&quot;#34495e&quot;,&quot;strokeWidth&quot;:3,&quot;strokeDashArray&quot;:null,&quot;strokeLineCap&quot;:&quot;round&quot;,&quot;strokeDashOffset&quot;:0,&quot;strokeLineJoin&quot;:&quot;round&quot;,&quot;strokeUniform&quot;:false,&quot;strokeMiterLimit&quot;:4,&quot;scaleX&quot;:1,&quot;scaleY&quot;:1,&quot;angle&quot;:0,&quot;flipX&quot;:false,&quot;flipY&quot;:false,&quot;opacity&quot;:1,&quot;shadow&quot;:null,&quot;visible&quot;:true,&quot;backgroundColor&quot;:&quot;&quot;,&quot;fillRule&quot;:&quot;nonzero&quot;,&quot;paintFirst&quot;:&quot;fill&quot;,&quot;globalCompositeOperation&quot;:&quot;source-over&quot;,&quot;skewX&quot;:0,&quot;skewY&quot;:0,&quot;path&quot;:[[&quot;M&quot;,1192,248],[&quot;Q&quot;,1230,245,1260,248],[&quot;Q&quot;,1280,252,1282,248]]},{&quot;type&quot;:&quot;path&quot;,&quot;version&quot;:&quot;4.6.0&quot;,&quot;originX&quot;:&quot;left&quot;,&quot;originY&quot;:&quot;top&quot;,&quot;left&quot;:1277,&quot;top&quot;:244,&quot;width&quot;:8,&quot;height&quot;:8,&quot;fill&quot;:&quot;#34495e&quot;,&quot;stroke&quot;:&quot;#34495e&quot;,&quot;strokeWidth&quot;:3,&quot;strokeDashArray&quot;:null,&quot;strokeLineCap&quot;:&quot;butt&quot;,&quot;strokeDashOffset&quot;:0,&quot;strokeLineJoin&quot;:&quot;miter&quot;,&quot;strokeUniform&quot;:false,&quot;strokeMiterLimit&quot;:4,&quot;scaleX&quot;:1,&quot;scaleY&quot;:1,&quot;angle&quot;:0,&quot;flipX&quot;:false,&quot;flipY&quot;:false,&quot;opacity&quot;:1,&quot;shadow&quot;:null,&quot;visible&quot;:true,&quot;backgroundColor&quot;:&quot;&quot;,&quot;fillRule&quot;:&quot;nonzero&quot;,&quot;paintFirst&quot;:&quot;fill&quot;,&quot;globalCompositeOperation&quot;:&quot;source-over&quot;,&quot;skewX&quot;:0,&quot;skewY&quot;:0,&quot;path&quot;:[[&quot;M&quot;,1277,245],[&quot;L&quot;,1285,249],[&quot;L&quot;,1277,253],[&quot;Z&quot;]]},{&quot;type&quot;:&quot;path&quot;,&quot;version&quot;:&quot;4.6.0&quot;,&quot;originX&quot;:&quot;left&quot;,&quot;originY&quot;:&quot;top&quot;,&quot;left&quot;:1480,&quot;top&quot;:246,&quot;width&quot;:90,&quot;height&quot;:5.25,&quot;fill&quot;:null,&quot;stroke&quot;:&quot;#34495e&quot;,&quot;strokeWidth&quot;:3,&quot;strokeDashArray&quot;:null,&quot;strokeLineCap&quot;:&quot;round&quot;,&quot;strokeDashOffset&quot;:0,&quot;strokeLineJoin&quot;:&quot;round&quot;,&quot;strokeUniform&quot;:false,&quot;strokeMiterLimit&quot;:4,&quot;scaleX&quot;:1,&quot;scaleY&quot;:1,&quot;angle&quot;:0,&quot;flipX&quot;:false,&quot;flipY&quot;:false,&quot;opacity&quot;:1,&quot;shadow&quot;:null,&quot;visible&quot;:true,&quot;backgroundColor&quot;:&quot;&quot;,&quot;fillRule&quot;:&quot;nonzero&quot;,&quot;paintFirst&quot;:&quot;fill&quot;,&quot;globalCompositeOperation&quot;:&quot;source-over&quot;,&quot;skewX&quot;:0,&quot;skewY&quot;:0,&quot;path&quot;:[[&quot;M&quot;,1482,248],[&quot;Q&quot;,1520,245,1550,248],[&quot;Q&quot;,1570,252,1572,248]]},{&quot;type&quot;:&quot;path&quot;,&quot;version&quot;:&quot;4.6.0&quot;,&quot;originX&quot;:&quot;left&quot;,&quot;originY&quot;:&quot;top&quot;,&quot;left&quot;:1567,&quot;top&quot;:244,&quot;width&quot;:8,&quot;height&quot;:8,&quot;fill&quot;:&quot;#34495e&quot;,&quot;stroke&quot;:&quot;#34495e&quot;,&quot;strokeWidth&quot;:3,&quot;strokeDashArray&quot;:null,&quot;strokeLineCap&quot;:&quot;butt&quot;,&quot;strokeDashOffset&quot;:0,&quot;strokeLineJoin&quot;:&quot;miter&quot;,&quot;strokeUniform&quot;:false,&quot;strokeMiterLimit&quot;:4,&quot;scaleX&quot;:1,&quot;scaleY&quot;:1,&quot;angle&quot;:0,&quot;flipX&quot;:false,&quot;flipY&quot;:false,&quot;opacity&quot;:1,&quot;shadow&quot;:null,&quot;visible&quot;:true,&quot;backgroundColor&quot;:&quot;&quot;,&quot;fillRule&quot;:&quot;nonzero&quot;,&quot;paintFirst&quot;:&quot;fill&quot;,&quot;globalCompositeOperation&quot;:&quot;source-over&quot;,&quot;skewX&quot;:0,&quot;skewY&quot;:0,&quot;path&quot;:[[&quot;M&quot;,1567,245],[&quot;L&quot;,1575,249],[&quot;L&quot;,1567,253],[&quot;Z&quot;]]},{&quot;type&quot;:&quot;path&quot;,&quot;version&quot;:&quot;4.6.0&quot;,&quot;originX&quot;:&quot;left&quot;,&quot;originY&quot;:&quot;top&quot;,&quot;left&quot;:1270,&quot;top&quot;:260,&quot;width&quot;:700,&quot;height&quot;:220,&quot;fill&quot;:null,&quot;stroke&quot;:&quot;#7f8c8d&quot;,&quot;strokeWidth&quot;:2,&quot;strokeDashArray&quot;:null,&quot;strokeLineCap&quot;:&quot;round&quot;,&quot;strokeDashOffset&quot;:0,&quot;strokeLineJoin&quot;:&quot;round&quot;,&quot;strokeUniform&quot;:false,&quot;strokeMiterLimit&quot;:4,&quot;scaleX&quot;:1,&quot;scaleY&quot;:1,&quot;angle&quot;:0,&quot;flipX&quot;:false,&quot;flipY&quot;:false,&quot;opacity&quot;:1,&quot;shadow&quot;:null,&quot;visible&quot;:true,&quot;backgroundColor&quot;:&quot;&quot;,&quot;fillRule&quot;:&quot;nonzero&quot;,&quot;paintFirst&quot;:&quot;fill&quot;,&quot;globalCompositeOperation&quot;:&quot;source-over&quot;,&quot;skewX&quot;:0,&quot;skewY&quot;:0,&quot;path&quot;:[[&quot;M&quot;,1460,260],[&quot;Q&quot;,1460,380,1340,420],[&quot;Q&quot;,1100,500,900,420],[&quot;Q&quot;,760,360,760,300]]},{&quot;type&quot;:&quot;path&quot;,&quot;version&quot;:&quot;4.6.0&quot;,&quot;originX&quot;:&quot;left&quot;,&quot;originY&quot;:&quot;top&quot;,&quot;left&quot;:756,&quot;top&quot;:296,&quot;width&quot;:8,&quot;height&quot;:8,&quot;fill&quot;:&quot;#7f8c8d&quot;,&quot;stroke&quot;:&quot;#7f8c8d&quot;,&quot;strokeWidth&quot;:2,&quot;strokeDashArray&quot;:null,&quot;strokeLineCap&quot;:&quot;butt&quot;,&quot;strokeDashOffset&quot;:0,&quot;strokeLineJoin&quot;:&quot;miter&quot;,&quot;strokeUniform&quot;:false,&quot;strokeMiterLimit&quot;:4,&quot;scaleX&quot;:1,&quot;scaleY&quot;:1,&quot;angle&quot;:0,&quot;flipX&quot;:false,&quot;flipY&quot;:false,&quot;opacity&quot;:1,&quot;shadow&quot;:null,&quot;visible&quot;:true,&quot;backgroundColor&quot;:&quot;&quot;,&quot;fillRule&quot;:&quot;nonzero&quot;,&quot;paintFirst&quot;:&quot;fill&quot;,&quot;globalCompositeOperation&quot;:&quot;source-over&quot;,&quot;skewX&quot;:0,&quot;skewY&quot;:0,&quot;path&quot;:[[&quot;M&quot;,756,298],[&quot;L&quot;,764,302],[&quot;L&quot;,757,306],[&quot;Z&quot;]]},{&quot;type&quot;:&quot;path&quot;,&quot;version&quot;:&quot;4.6.0&quot;,&quot;originX&quot;:&quot;left&quot;,&quot;originY&quot;:&quot;top&quot;,&quot;left&quot;:96,&quot;top&quot;:93,&quot;width&quot;:275,&quot;height&quot;:74.47,&quot;fill&quot;:&quot;#fff8a8&quot;,&quot;stroke&quot;:&quot;#f1c40f&quot;,&quot;strokeWidth&quot;:3,&quot;strokeDashArray&quot;:null,&quot;strokeLineCap&quot;:&quot;round&quot;,&quot;strokeDashOffset&quot;:0,&quot;strokeLineJoin&quot;:&quot;round&quot;,&quot;strokeUniform&quot;:false,&quot;strokeMiterLimit&quot;:4,&quot;scaleX&quot;:1,&quot;scaleY&quot;:1,&quot;angle&quot;:-3,&quot;flipX&quot;:false,&quot;flipY&quot;:false,&quot;opacity&quot;:1,&quot;shadow&quot;:null,&quot;visible&quot;:true,&quot;backgroundColor&quot;:&quot;&quot;,&quot;fillRule&quot;:&quot;nonzero&quot;,&quot;paintFirst&quot;:&quot;fill&quot;,&quot;globalCompositeOperation&quot;:&quot;source-over&quot;,&quot;skewX&quot;:0,&quot;skewY&quot;:0,&quot;path&quot;:[[&quot;M&quot;,100,100],[&quot;Q&quot;,230,90,360,105],[&quot;Q&quot;,370,130,360,160],[&quot;Q&quot;,230,170,100,160],[&quot;Q&quot;,90,130,100,100],[&quot;Z&quot;]]},{&quot;type&quot;:&quot;i-text&quot;,&quot;version&quot;:&quot;4.6.0&quot;,&quot;originX&quot;:&quot;center&quot;,&quot;originY&quot;:&quot;center&quot;,&quot;left&quot;:230,&quot;top&quot;:130,&quot;width&quot;:244,&quot;height&quot;:20.34,&quot;fill&quot;:&quot;#5c5c5c&quot;,&quot;stroke&quot;:null,&quot;strokeWidth&quot;:1,&quot;strokeDashArray&quot;:null,&quot;strokeLineCap&quot;:&quot;butt&quot;,&quot;strokeDashOffset&quot;:0,&quot;strokeLineJoin&quot;:&quot;miter&quot;,&quot;strokeUniform&quot;:false,&quot;strokeMiterLimit&quot;:4,&quot;scaleX&quot;:1,&quot;scaleY&quot;:1,&quot;angle&quot;:-3,&quot;flipX&quot;:false,&quot;flipY&quot;:false,&quot;opacity&quot;:1,&quot;shadow&quot;:null,&quot;visible&quot;:true,&quot;backgroundColor&quot;:&quot;&quot;,&quot;fillRule&quot;:&quot;nonzero&quot;,&quot;paintFirst&quot;:&quot;fill&quot;,&quot;globalCompositeOperation&quot;:&quot;source-over&quot;,&quot;skewX&quot;:0,&quot;skewY&quot;:0,&quot;fontFamily&quot;:&quot;Times New Roman&quot;,&quot;fontWeight&quot;:&quot;normal&quot;,&quot;fontSize&quot;:18,&quot;text&quot;:&quot;\u9700\u6c42\u660e\u786e\uff1a\u76ee\u6807\/\u8303\u56f4\/\u9a8c\u6536\u6807\u51c6&quot;,&quot;underline&quot;:false,&quot;overline&quot;:false,&quot;linethrough&quot;:false,&quot;textAlign&quot;:&quot;left&quot;,&quot;fontStyle&quot;:&quot;normal&quot;,&quot;lineHeight&quot;:1.16,&quot;textBackgroundColor&quot;:&quot;&quot;,&quot;charSpacing&quot;:0,&quot;styles&quot;:{},&quot;direction&quot;:&quot;ltr&quot;,&quot;path&quot;:null,&quot;pathStartOffset&quot;:0,&quot;pathSide&quot;:&quot;left&quot;},{&quot;type&quot;:&quot;path&quot;,&quot;version&quot;:&quot;4.6.0&quot;,&quot;originX&quot;:&quot;left&quot;,&quot;originY&quot;:&quot;top&quot;,&quot;left&quot;:948,&quot;top&quot;:316,&quot;width&quot;:306.5,&quot;height&quot;:70.51,&quot;fill&quot;:&quot;#fff8a8&quot;,&quot;stroke&quot;:&quot;#f1c40f&quot;,&quot;strokeWidth&quot;:3,&quot;strokeDashArray&quot;:null,&quot;strokeLineCap&quot;:&quot;round&quot;,&quot;strokeDashOffset&quot;:0,&quot;strokeLineJoin&quot;:&quot;round&quot;,&quot;strokeUniform&quot;:false,&quot;strokeMiterLimit&quot;:4,&quot;scaleX&quot;:1,&quot;scaleY&quot;:1,&quot;angle&quot;:2,&quot;flipX&quot;:false,&quot;flipY&quot;:false,&quot;opacity&quot;:1,&quot;shadow&quot;:null,&quot;visible&quot;:true,&quot;backgroundColor&quot;:&quot;&quot;,&quot;fillRule&quot;:&quot;nonzero&quot;,&quot;paintFirst&quot;:&quot;fill&quot;,&quot;globalCompositeOperation&quot;:&quot;source-over&quot;,&quot;skewX&quot;:0,&quot;skewY&quot;:0,&quot;path&quot;:[[&quot;M&quot;,960,320],[&quot;Q&quot;,1100,308,1250,322],[&quot;Q&quot;,1260,344,1250,372],[&quot;Q&quot;,1108,385,960,372],[&quot;Q&quot;,948,345,960,320],[&quot;Z&quot;]]},{&quot;type&quot;:&quot;i-text&quot;,&quot;version&quot;:&quot;4.6.0&quot;,&quot;originX&quot;:&quot;center&quot;,&quot;originY&quot;:&quot;center&quot;,&quot;left&quot;:1110,&quot;top&quot;:350,&quot;width&quot;:257,&quot;height&quot;:20.34,&quot;fill&quot;:&quot;#5c5c5c&quot;,&quot;stroke&quot;:null,&quot;strokeWidth&quot;:1,&quot;strokeDashArray&quot;:null,&quot;strokeLineCap&quot;:&quot;butt&quot;,&quot;strokeDashOffset&quot;:0,&quot;strokeLineJoin&quot;:&quot;miter&quot;,&quot;strokeUniform&quot;:false,&quot;strokeMiterLimit&quot;:4,&quot;scaleX&quot;:1,&quot;scaleY&quot;:1,&quot;angle&quot;:2,&quot;flipX&quot;:false,&quot;flipY&quot;:false,&quot;opacity&quot;:1,&quot;shadow&quot;:null,&quot;visible&quot;:true,&quot;backgroundColor&quot;:&quot;&quot;,&quot;fillRule&quot;:&quot;nonzero&quot;,&quot;paintFirst&quot;:&quot;fill&quot;,&quot;globalCompositeOperation&quot;:&quot;source-over&quot;,&quot;skewX&quot;:0,&quot;skewY&quot;:0,&quot;fontFamily&quot;:&quot;Times New Roman&quot;,&quot;fontWeight&quot;:&quot;normal&quot;,&quot;fontSize&quot;:18,&quot;text&quot;:&quot;\u63a5\u53e3\u6587\u6863\u89c1\uff1a\u9879\u76ee\u6587\u6863\/\u63a5\u53e3\u5217\u8868&quot;,&quot;underline&quot;:false,&quot;overline&quot;:false,&quot;linethrough&quot;:false,&quot;textAlign&quot;:&quot;left&quot;,&quot;fontStyle&quot;:&quot;normal&quot;,&quot;lineHeight&quot;:1.16,&quot;textBackgroundColor&quot;:&quot;&quot;,&quot;charSpacing&quot;:0,&quot;styles&quot;:{},&quot;direction&quot;:&quot;ltr&quot;,&quot;path&quot;:null,&quot;pathStartOffset&quot;:0,&quot;pathSide&quot;:&quot;left&quot;},{&quot;type&quot;:&quot;path&quot;,&quot;version&quot;:&quot;4.6.0&quot;,&quot;originX&quot;:&quot;left&quot;,&quot;originY&quot;:&quot;top&quot;,&quot;left&quot;:1273,&quot;top&quot;:96,&quot;width&quot;:331.5,&quot;height&quot;:78.21,&quot;fill&quot;:&quot;#fff8a8&quot;,&quot;stroke&quot;:&quot;#f1c40f&quot;,&quot;strokeWidth&quot;:3,&quot;strokeDashArray&quot;:null,&quot;strokeLineCap&quot;:&quot;round&quot;,&quot;strokeDashOffset&quot;:0,&quot;strokeLineJoin&quot;:&quot;round&quot;,&quot;strokeUniform&quot;:false,&quot;strokeMiterLimit&quot;:4,&quot;scaleX&quot;:1,&quot;scaleY&quot;:1,&quot;angle&quot;:-4,&quot;flipX&quot;:false,&quot;flipY&quot;:false,&quot;opacity&quot;:1,&quot;shadow&quot;:null,&quot;visible&quot;:true,&quot;backgroundColor&quot;:&quot;&quot;,&quot;fillRule&quot;:&quot;nonzero&quot;,&quot;paintFirst&quot;:&quot;fill&quot;,&quot;globalCompositeOperation&quot;:&quot;source-over&quot;,&quot;skewX&quot;:0,&quot;skewY&quot;:0,&quot;path&quot;:[[&quot;M&quot;,1285,100],[&quot;Q&quot;,1420,88,1600,105],[&quot;Q&quot;,1610,130,1600,160],[&quot;Q&quot;,1440,173,1285,160],[&quot;Q&quot;,1273,137,1285,100],[&quot;Z&quot;]]},{&quot;type&quot;:&quot;i-text&quot;,&quot;version&quot;:&quot;4.6.0&quot;,&quot;originX&quot;:&quot;center&quot;,&quot;originY&quot;:&quot;center&quot;,&quot;left&quot;:1445,&quot;top&quot;:130,&quot;width&quot;:199.01,&quot;height&quot;:20.34,&quot;fill&quot;:&quot;#5c5c5c&quot;,&quot;stroke&quot;:null,&quot;strokeWidth&quot;:1,&quot;strokeDashArray&quot;:null,&quot;strokeLineCap&quot;:&quot;butt&quot;,&quot;strokeDashOffset&quot;:0,&quot;strokeLineJoin&quot;:&quot;miter&quot;,&quot;strokeUniform&quot;:false,&quot;strokeMiterLimit&quot;:4,&quot;scaleX&quot;:1,&quot;scaleY&quot;:1,&quot;angle&quot;:-4,&quot;flipX&quot;:false,&quot;flipY&quot;:false,&quot;opacity&quot;:1,&quot;shadow&quot;:null,&quot;visible&quot;:true,&quot;backgroundColor&quot;:&quot;&quot;,&quot;fillRule&quot;:&quot;nonzero&quot;,&quot;paintFirst&quot;:&quot;fill&quot;,&quot;globalCompositeOperation&quot;:&quot;source-over&quot;,&quot;skewX&quot;:0,&quot;skewY&quot;:0,&quot;fontFamily&quot;:&quot;Times New Roman&quot;,&quot;fontWeight&quot;:&quot;normal&quot;,&quot;fontSize&quot;:18,&quot;text&quot;:&quot;\u4f18\u5148\u7ea7P1\u5148\u56de\u5f52\u5173\u952e\u8def\u5f84&quot;,&quot;underline&quot;:false,&quot;overline&quot;:false,&quot;linethrough&quot;:false,&quot;textAlign&quot;:&quot;left&quot;,&quot;fontStyle&quot;:&quot;normal&quot;,&quot;lineHeight&quot;:1.16,&quot;textBackgroundColor&quot;:&quot;&quot;,&quot;charSpacing&quot;:0,&quot;styles&quot;:{},&quot;direction&quot;:&quot;ltr&quot;,&quot;path&quot;:null,&quot;pathStartOffset&quot;:0,&quot;pathSide&quot;:&quot;left&quot;},{&quot;type&quot;:&quot;i-text&quot;,&quot;version&quot;:&quot;4.6.0&quot;,&quot;originX&quot;:&quot;center&quot;,&quot;originY&quot;:&quot;center&quot;,&quot;left&quot;:330,&quot;top&quot;:840,&quot;width&quot;:375.15,&quot;height&quot;:20.34,&quot;fill&quot;:&quot;#7f8c8d&quot;,&quot;stroke&quot;:null,&quot;strokeWidth&quot;:1,&quot;strokeDashArray&quot;:null,&quot;strokeLineCap&quot;:&quot;butt&quot;,&quot;strokeDashOffset&quot;:0,&quot;strokeLineJoin&quot;:&quot;miter&quot;,&quot;strokeUniform&quot;:false,&quot;strokeMiterLimit&quot;:4,&quot;scaleX&quot;:1,&quot;scaleY&quot;:1,&quot;angle&quot;:-2,&quot;flipX&quot;:false,&quot;flipY&quot;:false,&quot;opacity&quot;:1,&quot;shadow&quot;:null,&quot;visible&quot;:true,&quot;backgroundColor&quot;:&quot;&quot;,&quot;fillRule&quot;:&quot;nonzero&quot;,&quot;paintFirst&quot;:&quot;fill&quot;,&quot;globalCompositeOperation&quot;:&quot;source-over&quot;,&quot;skewX&quot;:0,&quot;skewY&quot;:0,&quot;fontFamily&quot;:&quot;Times New Roman&quot;,&quot;fontWeight&quot;:&quot;normal&quot;,&quot;fontSize&quot;:18,&quot;text&quot;:&quot;\u53cc\u51fb\u6587\u672c\u7f16\u8f91\uff1bCtrl+D\u590d\u5236\uff1b\u62d6\u62fd\u8fde\u7ebf\u521b\u5efa\u7bad\u5934&quot;,&quot;underline&quot;:false,&quot;overline&quot;:false,&quot;linethrough&quot;:false,&quot;textAlign&quot;:&quot;left&quot;,&quot;fontStyle&quot;:&quot;normal&quot;,&quot;lineHeight&quot;:1.16,&quot;textBackgroundColor&quot;:&quot;&quot;,&quot;charSpacing&quot;:0,&quot;styles&quot;:{},&quot;direction&quot;:&quot;ltr&quot;,&quot;path&quot;:null,&quot;pathStartOffset&quot;:0,&quot;pathSide&quot;:&quot;left&quot;},{&quot;type&quot;:&quot;path&quot;,&quot;version&quot;:&quot;4.6.0&quot;,&quot;originX&quot;:&quot;left&quot;,&quot;originY&quot;:&quot;top&quot;,&quot;left&quot;:258,&quot;top&quot;:117,&quot;width&quot;:1.01,&quot;height&quot;:0,&quot;fill&quot;:null,&quot;stroke&quot;:&quot;#2c3e50&quot;,&quot;strokeWidth&quot;:4,&quot;strokeDashArray&quot;:null,&quot;strokeLineCap&quot;:&quot;round&quot;,&quot;strokeDashOffset&quot;:0,&quot;strokeLineJoin&quot;:&quot;round&quot;,&quot;strokeUniform&quot;:false,&quot;strokeMiterLimit&quot;:10,&quot;scaleX&quot;:1,&quot;scaleY&quot;:1,&quot;angle&quot;:0,&quot;flipX&quot;:false,&quot;flipY&quot;:false,&quot;opacity&quot;:1,&quot;shadow&quot;:null,&quot;visible&quot;:true,&quot;backgroundColor&quot;:&quot;&quot;,&quot;fillRule&quot;:&quot;nonzero&quot;,&quot;paintFirst&quot;:&quot;fill&quot;,&quot;globalCompositeOperation&quot;:&quot;source-over&quot;,&quot;skewX&quot;:0,&quot;skewY&quot;:0,&quot;path&quot;:[[&quot;M&quot;,259.996,119],[&quot;Q&quot;,260,119,260.5,119],[&quot;L&quot;,261.004,119]]},{&quot;type&quot;:&quot;path&quot;,&quot;version&quot;:&quot;4.6.0&quot;,&quot;originX&quot;:&quot;left&quot;,&quot;originY&quot;:&quot;top&quot;,&quot;left&quot;:235,&quot;top&quot;:149,&quot;width&quot;:1.01,&quot;height&quot;:1,&quot;fill&quot;:null,&quot;stroke&quot;:&quot;#2c3e50&quot;,&quot;strokeWidth&quot;:4,&quot;strokeDashArray&quot;:null,&quot;strokeLineCap&quot;:&quot;round&quot;,&quot;strokeDashOffset&quot;:0,&quot;strokeLineJoin&quot;:&quot;round&quot;,&quot;strokeUniform&quot;:false,&quot;strokeMiterLimit&quot;:10,&quot;scaleX&quot;:1,&quot;scaleY&quot;:1,&quot;angle&quot;:0,&quot;flipX&quot;:false,&quot;flipY&quot;:false,&quot;opacity&quot;:1,&quot;shadow&quot;:null,&quot;visible&quot;:true,&quot;backgroundColor&quot;:&quot;&quot;,&quot;fillRule&quot;:&quot;nonzero&quot;,&quot;paintFirst&quot;:&quot;fill&quot;,&quot;globalCompositeOperation&quot;:&quot;source-over&quot;,&quot;skewX&quot;:0,&quot;skewY&quot;:0,&quot;path&quot;:[[&quot;M&quot;,236.996,151],[&quot;Q&quot;,237,151,237.5,151.5],[&quot;L&quot;,238.004,152]]},{&quot;type&quot;:&quot;path&quot;,&quot;version&quot;:&quot;4.6.0&quot;,&quot;originX&quot;:&quot;left&quot;,&quot;originY&quot;:&quot;top&quot;,&quot;left&quot;:236,&quot;top&quot;:150,&quot;width&quot;:0.01,&quot;height&quot;:0,&quot;fill&quot;:null,&quot;stroke&quot;:&quot;#2c3e50&quot;,&quot;strokeWidth&quot;:4,&quot;strokeDashArray&quot;:null,&quot;strokeLineCap&quot;:&quot;round&quot;,&quot;strokeDashOffset&quot;:0,&quot;strokeLineJoin&quot;:&quot;round&quot;,&quot;strokeUniform&quot;:false,&quot;strokeMiterLimit&quot;:10,&quot;scaleX&quot;:1,&quot;scaleY&quot;:1,&quot;angle&quot;:0,&quot;flipX&quot;:false,&quot;flipY&quot;:false,&quot;opacity&quot;:1,&quot;shadow&quot;:null,&quot;visible&quot;:true,&quot;backgroundColor&quot;:&quot;&quot;,&quot;fillRule&quot;:&quot;nonzero&quot;,&quot;paintFirst&quot;:&quot;fill&quot;,&quot;globalCompositeOperation&quot;:&quot;source-over&quot;,&quot;skewX&quot;:0,&quot;skewY&quot;:0,&quot;path&quot;:[[&quot;M&quot;,237.996,152],[&quot;L&quot;,238.004,152]]},{&quot;type&quot;:&quot;path&quot;,&quot;version&quot;:&quot;4.6.0&quot;,&quot;originX&quot;:&quot;left&quot;,&quot;originY&quot;:&quot;top&quot;,&quot;left&quot;:945,&quot;top&quot;:318,&quot;width&quot;:232.7,&quot;height&quot;:166.83,&quot;fill&quot;:null,&quot;stroke&quot;:&quot;#ffffff&quot;,&quot;strokeWidth&quot;:4,&quot;strokeDashArray&quot;:null,&quot;strokeLineCap&quot;:&quot;round&quot;,&quot;strokeDashOffset&quot;:0,&quot;strokeLineJoin&quot;:&quot;round&quot;,&quot;strokeUniform&quot;:false,&quot;strokeMiterLimit&quot;:10,&quot;scaleX&quot;:1,&quot;scaleY&quot;:1,&quot;angle&quot;:0,&quot;flipX&quot;:false,&quot;flipY&quot;:false,&quot;opacity&quot;:1,&quot;shadow&quot;:null,&quot;visible&quot;:true,&quot;backgroundColor&quot;:&quot;&quot;,&quot;fillRule&quot;:&quot;nonzero&quot;,&quot;paintFirst&quot;:&quot;fill&quot;,&quot;globalCompositeOperation&quot;:&quot;source-over&quot;,&quot;skewX&quot;:0,&quot;skewY&quot;:0,&quot;path&quot;:[[&quot;M&quot;,946.996,320],[&quot;Q&quot;,947,320,947.5,320.5],[&quot;Q&quot;,948,321,948.5,321],[&quot;Q&quot;,949,321,949.5,321.5],[&quot;Q&quot;,950,322,951.5,323],[&quot;Q&quot;,953,324,956,325.5],[&quot;Q&quot;,959,327,962.5,328.5],[&quot;Q&quot;,966,330,972.5,332.5],[&quot;Q&quot;,979,335,989,339.5],[&quot;Q&quot;,999,344,1009,350],[&quot;Q&quot;,1019,356,1027.5,361.5],[&quot;Q&quot;,1036,367,1045.5,373.5],[&quot;Q&quot;,1055,380,1062.5,387],[&quot;Q&quot;,1070,394,1079.5,402.5],[&quot;Q&quot;,1089,411,1100.5,422],[&quot;Q&quot;,1112,433,1124.5,443.5],[&quot;Q&quot;,1137,454,1147,463],[&quot;Q&quot;,1157,472,1164,476.5],[&quot;Q&quot;,1171,481,1174,483],[&quot;Q&quot;,1177,485,1178.5,486],[&quot;Q&quot;,1180,487,1179,486.5],[&quot;Q&quot;,1178,486,1177.5,486],[&quot;Q&quot;,1177,486,1176,486],[&quot;Q&quot;,1175,486,1173.5,485.5],[&quot;Q&quot;,1172,485,1168.5,485],[&quot;Q&quot;,1165,485,1157.5,483],[&quot;Q&quot;,1150,481,1148.5,481],[&quot;Q&quot;,1147,481,1143.5,480.5],[&quot;Q&quot;,1140,480,1137.5,479.5],[&quot;Q&quot;,1135,479,1132,478.5],[&quot;Q&quot;,1129,478,1128,478],[&quot;Q&quot;,1127,478,1126,478],[&quot;Q&quot;,1125,478,1124.5,478],[&quot;Q&quot;,1124,478,1123.5,477.5],[&quot;Q&quot;,1123,477,1121.5,477],[&quot;Q&quot;,1120,477,1119,477],[&quot;Q&quot;,1118,477,1117,476.5],[&quot;Q&quot;,1116,476,1114,475],[&quot;L&quot;,1111.996,473.996]]},{&quot;type&quot;:&quot;path&quot;,&quot;version&quot;:&quot;4.6.0&quot;,&quot;originX&quot;:&quot;left&quot;,&quot;originY&quot;:&quot;top&quot;,&quot;left&quot;:910,&quot;top&quot;:329,&quot;width&quot;:7.01,&quot;height&quot;:2,&quot;fill&quot;:null,&quot;stroke&quot;:&quot;#ffffff&quot;,&quot;strokeWidth&quot;:4,&quot;strokeDashArray&quot;:null,&quot;strokeLineCap&quot;:&quot;round&quot;,&quot;strokeDashOffset&quot;:0,&quot;strokeLineJoin&quot;:&quot;round&quot;,&quot;strokeUniform&quot;:false,&quot;strokeMiterLimit&quot;:10,&quot;scaleX&quot;:1,&quot;scaleY&quot;:1,&quot;angle&quot;:0,&quot;flipX&quot;:false,&quot;flipY&quot;:false,&quot;opacity&quot;:1,&quot;shadow&quot;:null,&quot;visible&quot;:true,&quot;backgroundColor&quot;:&quot;&quot;,&quot;fillRule&quot;:&quot;nonzero&quot;,&quot;paintFirst&quot;:&quot;fill&quot;,&quot;globalCompositeOperation&quot;:&quot;source-over&quot;,&quot;skewX&quot;:0,&quot;skewY&quot;:0,&quot;path&quot;:[[&quot;M&quot;,911.996,331],[&quot;Q&quot;,912,331,912,331.5],[&quot;Q&quot;,912,332,912.5,332],[&quot;Q&quot;,913,332,914,332],[&quot;Q&quot;,915,332,915.5,332],[&quot;Q&quot;,916,332,916,332.5],[&quot;Q&quot;,916,333,916.5,333],[&quot;Q&quot;,917,333,918,333],[&quot;L&quot;,919.004,333]]},{&quot;type&quot;:&quot;path&quot;,&quot;version&quot;:&quot;4.6.0&quot;,&quot;originX&quot;:&quot;left&quot;,&quot;originY&quot;:&quot;top&quot;,&quot;left&quot;:871.5,&quot;top&quot;:304.5,&quot;width&quot;:359,&quot;height&quot;:66,&quot;fill&quot;:null,&quot;stroke&quot;:&quot;#ffffff&quot;,&quot;strokeWidth&quot;:47,&quot;strokeDashArray&quot;:null,&quot;strokeLineCap&quot;:&quot;round&quot;,&quot;strokeDashOffset&quot;:0,&quot;strokeLineJoin&quot;:&quot;round&quot;,&quot;strokeUniform&quot;:false,&quot;strokeMiterLimit&quot;:10,&quot;scaleX&quot;:1,&quot;scaleY&quot;:1,&quot;angle&quot;:0,&quot;flipX&quot;:false,&quot;flipY&quot;:false,&quot;opacity&quot;:1,&quot;shadow&quot;:null,&quot;visible&quot;:true,&quot;backgroundColor&quot;:&quot;&quot;,&quot;fillRule&quot;:&quot;nonzero&quot;,&quot;paintFirst&quot;:&quot;fill&quot;,&quot;globalCompositeOperation&quot;:&quot;source-over&quot;,&quot;skewX&quot;:0,&quot;skewY&quot;:0,&quot;path&quot;:[[&quot;M&quot;,999.953,349],[&quot;Q&quot;,1000,349,1005,349],[&quot;Q&quot;,1010,349,1011.5,349],[&quot;Q&quot;,1013,349,1013.5,348.5],[&quot;Q&quot;,1014,348,1014.5,348],[&quot;Q&quot;,1015,348,1015.5,348],[&quot;Q&quot;,1016,348,1017,348],[&quot;Q&quot;,1018,348,1018.5,348],[&quot;Q&quot;,1019,348,1020.5,348],[&quot;Q&quot;,1022,348,1023,348],[&quot;Q&quot;,1024,348,1025,348],[&quot;Q&quot;,1026,348,1027,348],[&quot;Q&quot;,1028,348,1028.5,348],[&quot;Q&quot;,1029,348,1029.5,348],[&quot;Q&quot;,1030,348,1030.5,348],[&quot;Q&quot;,1031,348,1032.5,348],[&quot;Q&quot;,1034,348,1036,348],[&quot;Q&quot;,1038,348,1040,348.5],[&quot;Q&quot;,1042,349,1042.5,349.5],[&quot;Q&quot;,1043,350,1043.5,350.5],[&quot;Q&quot;,1044,351,1044.5,351],[&quot;Q&quot;,1045,351,1045,352],[&quot;Q&quot;,1045,353,1045,353.5],[&quot;Q&quot;,1045,354,1044,356],[&quot;Q&quot;,1043,358,1040,360.5],[&quot;Q&quot;,1037,363,1031.5,365],[&quot;Q&quot;,1026,367,1022.5,368],[&quot;Q&quot;,1019,369,1013,369.5],[&quot;Q&quot;,1007,370,996,370.5],[&quot;Q&quot;,985,371,975.5,371],[&quot;Q&quot;,966,371,958.5,370],[&quot;Q&quot;,951,369,947,368.5],[&quot;Q&quot;,943,368,931.5,366.5],[&quot;Q&quot;,920,365,914,364],[&quot;Q&quot;,908,363,904,362.5],[&quot;Q&quot;,900,362,897.5,361.5],[&quot;Q&quot;,895,361,895,360.5],[&quot;Q&quot;,895,360,895,359.5],[&quot;Q&quot;,895,359,895,358.5],[&quot;Q&quot;,895,358,895.5,358],[&quot;Q&quot;,896,358,896.5,357.5],[&quot;Q&quot;,897,357,899,356.5],[&quot;Q&quot;,901,356,903,356],[&quot;Q&quot;,905,356,908,356],[&quot;Q&quot;,911,356,913,356],[&quot;Q&quot;,915,356,917,356],[&quot;Q&quot;,919,356,921,356],[&quot;Q&quot;,923,356,925.5,356],[&quot;Q&quot;,928,356,929,356],[&quot;Q&quot;,930,356,931,356],[&quot;Q&quot;,932,356,933.5,356],[&quot;Q&quot;,935,356,937.5,356],[&quot;Q&quot;,940,356,941.5,356],[&quot;Q&quot;,943,356,945,356],[&quot;Q&quot;,947,356,949,356],[&quot;Q&quot;,951,356,952.5,356],[&quot;Q&quot;,954,356,956,355.5],[&quot;Q&quot;,958,355,960,355],[&quot;Q&quot;,962,355,963,354.5],[&quot;Q&quot;,964,354,965.5,353.5],[&quot;Q&quot;,967,353,967.5,353],[&quot;Q&quot;,968,353,970,352.5],[&quot;Q&quot;,972,352,973,351.5],[&quot;Q&quot;,974,351,976,350.5],[&quot;Q&quot;,978,350,979.5,349.5],[&quot;Q&quot;,981,349,982.5,348.5],[&quot;Q&quot;,984,348,985.5,348],[&quot;Q&quot;,987,348,988,347.5],[&quot;Q&quot;,989,347,990.5,347],[&quot;Q&quot;,992,347,993,346.5],[&quot;Q&quot;,994,346,994.5,346],[&quot;Q&quot;,995,346,995,345.5],[&quot;Q&quot;,995,345,993.5,343.5],[&quot;Q&quot;,992,342,991.5,342],[&quot;Q&quot;,991,342,988.5,340.5],[&quot;Q&quot;,986,339,984,337.5],[&quot;Q&quot;,982,336,979,335.5],[&quot;Q&quot;,976,335,973,334],[&quot;Q&quot;,970,333,965.5,332],[&quot;Q&quot;,961,331,957.5,330.5],[&quot;Q&quot;,954,330,951,329.5],[&quot;Q&quot;,948,329,945.5,329],[&quot;Q&quot;,943,329,943,328.5],[&quot;Q&quot;,943,328,943.5,328],[&quot;Q&quot;,944,328,944.5,328.5],[&quot;Q&quot;,945,329,946,329],[&quot;Q&quot;,947,329,947.5,330],[&quot;Q&quot;,948,331,949.5,331.5],[&quot;Q&quot;,951,332,953.5,332.5],[&quot;Q&quot;,956,333,958.5,334],[&quot;Q&quot;,961,335,962.5,335],[&quot;Q&quot;,964,335,966,335],[&quot;Q&quot;,968,335,969,335],[&quot;Q&quot;,970,335,971.5,335.5],[&quot;Q&quot;,973,336,974,336],[&quot;Q&quot;,975,336,976,336],[&quot;Q&quot;,977,336,979,336.5],[&quot;Q&quot;,981,337,982.5,337],[&quot;Q&quot;,984,337,986.5,337.5],[&quot;Q&quot;,989,338,992.5,338],[&quot;Q&quot;,996,338,999,338],[&quot;Q&quot;,1002,338,1005.5,338],[&quot;Q&quot;,1009,338,1013,338],[&quot;Q&quot;,1017,338,1019,338],[&quot;Q&quot;,1021,338,1023.5,338],[&quot;Q&quot;,1026,338,1027.5,338],[&quot;Q&quot;,1029,338,1030,338],[&quot;Q&quot;,1031,338,1032,338],[&quot;Q&quot;,1033,338,1034.5,338],[&quot;Q&quot;,1036,338,1037,338],[&quot;Q&quot;,1038,338,1040,338],[&quot;Q&quot;,1042,338,1045,338],[&quot;Q&quot;,1048,338,1051,338],[&quot;Q&quot;,1054,338,1058.5,338],[&quot;Q&quot;,1063,338,1066,338.5],[&quot;Q&quot;,1069,339,1072,339],[&quot;Q&quot;,1075,339,1077,339],[&quot;Q&quot;,1079,339,1081,339],[&quot;Q&quot;,1083,339,1085,339],[&quot;Q&quot;,1087,339,1089,339],[&quot;Q&quot;,1091,339,1093.5,339],[&quot;Q&quot;,1096,339,1098.5,339],[&quot;Q&quot;,1101,339,1103.5,339],[&quot;Q&quot;,1106,339,1109,339],[&quot;Q&quot;,1112,339,1113,339],[&quot;Q&quot;,1114,339,1116.5,339],[&quot;Q&quot;,1119,339,1121,339],[&quot;Q&quot;,1123,339,1126,339],[&quot;Q&quot;,1129,339,1132,339],[&quot;Q&quot;,1135,339,1138,339],[&quot;Q&quot;,1141,339,1143,339],[&quot;Q&quot;,1145,339,1147,339],[&quot;Q&quot;,1149,339,1151,339],[&quot;Q&quot;,1153,339,1154.5,339],[&quot;Q&quot;,1156,339,1159,339],[&quot;Q&quot;,1162,339,1164.5,339],[&quot;Q&quot;,1167,339,1169.5,339],[&quot;Q&quot;,1172,339,1173,339],[&quot;Q&quot;,1174,339,1175,339],[&quot;Q&quot;,1176,339,1177,339],[&quot;Q&quot;,1178,339,1179,339],[&quot;Q&quot;,1180,339,1181,339],[&quot;Q&quot;,1182,339,1183.5,339],[&quot;Q&quot;,1185,339,1187.5,339],[&quot;Q&quot;,1190,339,1191.5,339],[&quot;Q&quot;,1193,339,1197,340],[&quot;Q&quot;,1201,341,1203,341.5],[&quot;Q&quot;,1205,342,1206.5,342],[&quot;Q&quot;,1208,342,1209.5,342],[&quot;Q&quot;,1211,342,1212,342.5],[&quot;Q&quot;,1213,343,1214.5,343.5],[&quot;Q&quot;,1216,344,1216.5,344.5],[&quot;Q&quot;,1217,345,1217.5,345],[&quot;Q&quot;,1218,345,1219,345],[&quot;Q&quot;,1220,345,1221,345],[&quot;Q&quot;,1222,345,1223,345.5],[&quot;Q&quot;,1224,346,1226,346.5],[&quot;Q&quot;,1228,347,1229,347.5],[&quot;Q&quot;,1230,348,1231.5,349],[&quot;Q&quot;,1233,350,1234,350],[&quot;Q&quot;,1235,350,1235.5,350],[&quot;Q&quot;,1236,350,1237,350.5],[&quot;Q&quot;,1238,351,1238.5,351.5],[&quot;Q&quot;,1239,352,1239.5,352],[&quot;Q&quot;,1240,352,1241,352.5],[&quot;Q&quot;,1242,353,1242.5,353],[&quot;Q&quot;,1243,353,1243,353.5],[&quot;Q&quot;,1243,354,1243.5,354],[&quot;Q&quot;,1244,354,1244.5,354],[&quot;Q&quot;,1245,354,1245.5,354],[&quot;Q&quot;,1246,354,1246,354.5],[&quot;Q&quot;,1246,355,1246.5,355.5],[&quot;Q&quot;,1247,356,1247.5,356],[&quot;Q&quot;,1248,356,1248.5,357],[&quot;Q&quot;,1249,358,1249.5,358.5],[&quot;Q&quot;,1250,359,1250.5,359.5],[&quot;Q&quot;,1251,360,1251,360.5],[&quot;Q&quot;,1251,361,1251,361.5],[&quot;Q&quot;,1251,362,1251.5,362.5],[&quot;Q&quot;,1252,363,1252,364],[&quot;Q&quot;,1252,365,1252.5,366.5],[&quot;Q&quot;,1253,368,1253,368.5],[&quot;Q&quot;,1253,369,1253.5,370.5],[&quot;Q&quot;,1254,372,1254,372.5],[&quot;Q&quot;,1254,373,1254,374],[&quot;Q&quot;,1254,375,1253.5,376],[&quot;Q&quot;,1253,377,1253,378],[&quot;Q&quot;,1253,379,1252.5,380],[&quot;Q&quot;,1252,381,1251.5,382],[&quot;Q&quot;,1251,383,1251,384],[&quot;Q&quot;,1251,385,1250,386.5],[&quot;Q&quot;,1249,388,1248,388.5],[&quot;Q&quot;,1247,389,1246.5,389.5],[&quot;Q&quot;,1246,390,1245,390.5],[&quot;Q&quot;,1244,391,1243,391.5],[&quot;Q&quot;,1242,392,1241,392.5],[&quot;Q&quot;,1240,393,1237.5,393.5],[&quot;Q&quot;,1235,394,1233.5,394],[&quot;Q&quot;,1232,394,1229,394],[&quot;Q&quot;,1226,394,1222.5,394],[&quot;Q&quot;,1219,394,1216,393.5],[&quot;Q&quot;,1213,393,1210.5,392.5],[&quot;Q&quot;,1208,392,1205.5,392],[&quot;Q&quot;,1203,392,1201,391.5],[&quot;Q&quot;,1199,391,1196.5,390.5],[&quot;Q&quot;,1194,390,1191,389.5],[&quot;Q&quot;,1188,389,1184.5,388.5],[&quot;Q&quot;,1181,388,1176.5,387],[&quot;Q&quot;,1172,386,1167,385],[&quot;Q&quot;,1162,384,1157,383.5],[&quot;Q&quot;,1152,383,1148.5,382.5],[&quot;Q&quot;,1145,382,1140.5,381],[&quot;Q&quot;,1136,380,1133,379.5],[&quot;Q&quot;,1130,379,1128.5,379],[&quot;Q&quot;,1127,379,1125.5,379],[&quot;Q&quot;,1124,379,1121.5,379],[&quot;Q&quot;,1119,379,1115,379],[&quot;Q&quot;,1111,379,1108.5,379],[&quot;Q&quot;,1106,379,1101.5,378.5],[&quot;Q&quot;,1097,378,1095,378],[&quot;Q&quot;,1093,378,1086,378],[&quot;Q&quot;,1079,378,1075.5,378],[&quot;Q&quot;,1072,378,1067.5,378],[&quot;Q&quot;,1063,378,1061,378],[&quot;Q&quot;,1059,378,1056,378],[&quot;Q&quot;,1053,378,1051,378],[&quot;Q&quot;,1049,378,1048,378],[&quot;Q&quot;,1047,378,1043,378],[&quot;Q&quot;,1039,378,1038,378.5],[&quot;Q&quot;,1037,379,1035,379],[&quot;Q&quot;,1033,379,1030.5,380],[&quot;Q&quot;,1028,381,1027,381.5],[&quot;Q&quot;,1026,382,1024.5,382],[&quot;Q&quot;,1023,382,1022.5,382.5],[&quot;Q&quot;,1022,383,1022,383.5],[&quot;Q&quot;,1022,384,1023,384.5],[&quot;Q&quot;,1024,385,1025,385.5],[&quot;Q&quot;,1026,386,1030.5,387],[&quot;Q&quot;,1035,388,1041,389],[&quot;Q&quot;,1047,390,1056,390.5],[&quot;Q&quot;,1065,391,1072.5,391.5],[&quot;Q&quot;,1080,392,1088,392],[&quot;Q&quot;,1096,392,1101.5,392],[&quot;Q&quot;,1107,392,1111.5,392],[&quot;Q&quot;,1116,392,1119,392],[&quot;Q&quot;,1122,392,1125,391],[&quot;Q&quot;,1128,390,1130,389.5],[&quot;Q&quot;,1132,389,1135,388.5],[&quot;Q&quot;,1138,388,1140.5,387],[&quot;Q&quot;,1143,386,1146.5,386],[&quot;Q&quot;,1150,386,1152.5,385.5],[&quot;Q&quot;,1155,385,1158,384],[&quot;Q&quot;,1161,383,1162,383],[&quot;Q&quot;,1163,383,1164,382.5],[&quot;Q&quot;,1165,382,1166,381.5],[&quot;Q&quot;,1167,381,1167,380.5],[&quot;Q&quot;,1167,380,1167.5,380],[&quot;Q&quot;,1168,380,1168.5,380],[&quot;Q&quot;,1169,380,1169.5,379.5],[&quot;Q&quot;,1170,379,1171,378],[&quot;Q&quot;,1172,377,1173,376],[&quot;Q&quot;,1174,375,1175,374.5],[&quot;Q&quot;,1176,374,1178,372],[&quot;Q&quot;,1180,370,1180.5,369],[&quot;Q&quot;,1181,368,1181.5,367.5],[&quot;Q&quot;,1182,367,1183,366.5],[&quot;Q&quot;,1184,366,1184.5,366],[&quot;Q&quot;,1185,366,1185.5,365],[&quot;Q&quot;,1186,364,1187,363.5],[&quot;Q&quot;,1188,363,1189,362.5],[&quot;Q&quot;,1190,362,1190,361.5],[&quot;Q&quot;,1190,361,1190,360.5],[&quot;Q&quot;,1190,360,1190,359.5],[&quot;Q&quot;,1190,359,1188,358.5],[&quot;Q&quot;,1186,358,1181.5,356.5],[&quot;Q&quot;,1177,355,1170.5,355],[&quot;Q&quot;,1164,355,1158,355],[&quot;Q&quot;,1152,355,1143.5,354],[&quot;Q&quot;,1135,353,1126.5,352],[&quot;Q&quot;,1118,351,1108.5,351],[&quot;Q&quot;,1099,351,1093,351],[&quot;Q&quot;,1087,351,1082.5,351],[&quot;Q&quot;,1078,351,1075.5,351],[&quot;Q&quot;,1073,351,1071,351],[&quot;Q&quot;,1069,351,1068,351.5],[&quot;Q&quot;,1067,352,1065.5,352],[&quot;Q&quot;,1064,352,1063,352.5],[&quot;Q&quot;,1062,353,1061.5,353],[&quot;Q&quot;,1061,353,1060.5,353],[&quot;Q&quot;,1060,353,1059,353],[&quot;Q&quot;,1058,353,1058,353.5],[&quot;Q&quot;,1058,354,1057,354],[&quot;L&quot;,1055.953,354]]},{&quot;type&quot;:&quot;path&quot;,&quot;version&quot;:&quot;4.6.0&quot;,&quot;originX&quot;:&quot;left&quot;,&quot;originY&quot;:&quot;top&quot;,&quot;left&quot;:1198.45,&quot;top&quot;:66.5,&quot;width&quot;:416.05,&quot;height&quot;:65,&quot;fill&quot;:null,&quot;stroke&quot;:&quot;#ffffff&quot;,&quot;strokeWidth&quot;:47,&quot;strokeDashArray&quot;:null,&quot;strokeLineCap&quot;:&quot;round&quot;,&quot;strokeDashOffset&quot;:0,&quot;strokeLineJoin&quot;:&quot;round&quot;,&quot;strokeUniform&quot;:false,&quot;strokeMiterLimit&quot;:10,&quot;scaleX&quot;:1,&quot;scaleY&quot;:1,&quot;angle&quot;:0,&quot;flipX&quot;:false,&quot;flipY&quot;:false,&quot;opacity&quot;:1,&quot;shadow&quot;:null,&quot;visible&quot;:true,&quot;backgroundColor&quot;:&quot;&quot;,&quot;fillRule&quot;:&quot;nonzero&quot;,&quot;paintFirst&quot;:&quot;fill&quot;,&quot;globalCompositeOperation&quot;:&quot;source-over&quot;,&quot;skewX&quot;:0,&quot;skewY&quot;:0,&quot;path&quot;:[[&quot;M&quot;,1231.953,130],[&quot;Q&quot;,1232,130,1232.5,130],[&quot;Q&quot;,1233,130,1236.5,130],[&quot;Q&quot;,1240,130,1245,130],[&quot;Q&quot;,1250,130,1256.5,128.5],[&quot;Q&quot;,1263,127,1273.5,126.5],[&quot;Q&quot;,1284,126,1288,125],[&quot;Q&quot;,1292,124,1301.5,123.5],[&quot;Q&quot;,1311,123,1319,122.5],[&quot;Q&quot;,1327,122,1334.5,120.5],[&quot;Q&quot;,1342,119,1351,118.5],[&quot;Q&quot;,1360,118,1365.5,118],[&quot;Q&quot;,1371,118,1377,117.5],[&quot;Q&quot;,1383,117,1390,116.5],[&quot;Q&quot;,1397,116,1402.5,115],[&quot;Q&quot;,1408,114,1415,113.5],[&quot;Q&quot;,1422,113,1427,112.5],[&quot;Q&quot;,1432,112,1437,111.5],[&quot;Q&quot;,1442,111,1447,110.5],[&quot;Q&quot;,1452,110,1455,109.5],[&quot;Q&quot;,1458,109,1460.5,109],[&quot;Q&quot;,1463,109,1466,108.5],[&quot;Q&quot;,1469,108,1472.5,108],[&quot;Q&quot;,1476,108,1478.5,108],[&quot;Q&quot;,1481,108,1483.5,108],[&quot;Q&quot;,1486,108,1489,108],[&quot;Q&quot;,1492,108,1498.5,108],[&quot;Q&quot;,1505,108,1510.5,108],[&quot;Q&quot;,1516,108,1526.5,108],[&quot;Q&quot;,1537,108,1543.5,108],[&quot;Q&quot;,1550,108,1556.5,108],[&quot;Q&quot;,1563,108,1565.5,108],[&quot;Q&quot;,1568,108,1569.5,108],[&quot;Q&quot;,1571,108,1571.5,108],[&quot;Q&quot;,1572,108,1572.5,108],[&quot;Q&quot;,1573,108,1573.5,107.5],[&quot;Q&quot;,1574,107,1575,107],[&quot;Q&quot;,1576,107,1577.5,106.5],[&quot;Q&quot;,1579,106,1579.5,106],[&quot;Q&quot;,1580,106,1581.5,106],[&quot;Q&quot;,1583,106,1584,106],[&quot;Q&quot;,1585,106,1586.5,106],[&quot;Q&quot;,1588,106,1588.5,106],[&quot;Q&quot;,1589,106,1590.5,106],[&quot;Q&quot;,1592,106,1592.5,106],[&quot;Q&quot;,1593,106,1594,106],[&quot;Q&quot;,1595,106,1596,106.5],[&quot;Q&quot;,1597,107,1597.5,107],[&quot;Q&quot;,1598,107,1598.5,107],[&quot;Q&quot;,1599,107,1599.5,107],[&quot;Q&quot;,1600,107,1600.5,107],[&quot;Q&quot;,1601,107,1601.5,107],[&quot;Q&quot;,1602,107,1602.5,107],[&quot;Q&quot;,1603,107,1604,107],[&quot;Q&quot;,1605,107,1606.5,107],[&quot;Q&quot;,1608,107,1610.5,107],[&quot;Q&quot;,1613,107,1616,107],[&quot;Q&quot;,1619,107,1621.5,107],[&quot;Q&quot;,1624,107,1627,107],[&quot;Q&quot;,1630,107,1631.5,107],[&quot;Q&quot;,1633,107,1634.5,107],[&quot;Q&quot;,1636,107,1636.5,107],[&quot;Q&quot;,1637,107,1637.5,107],[&quot;Q&quot;,1638,107,1638,107.5],[&quot;Q&quot;,1638,108,1638,109],[&quot;Q&quot;,1638,110,1637.5,111],[&quot;Q&quot;,1637,112,1636.5,113.5],[&quot;Q&quot;,1636,115,1635,116.5],[&quot;Q&quot;,1634,118,1633.5,119],[&quot;Q&quot;,1633,120,1632.5,121.5],[&quot;Q&quot;,1632,123,1631.5,124],[&quot;Q&quot;,1631,125,1630,126],[&quot;Q&quot;,1629,127,1628.5,127.5],[&quot;Q&quot;,1628,128,1627.5,128.5],[&quot;Q&quot;,1627,129,1624,130.5],[&quot;Q&quot;,1621,132,1617.5,134],[&quot;Q&quot;,1614,136,1608.5,137.5],[&quot;Q&quot;,1603,139,1598.5,139.5],[&quot;Q&quot;,1594,140,1588,141.5],[&quot;Q&quot;,1582,143,1578,143],[&quot;Q&quot;,1574,143,1570.5,143.5],[&quot;Q&quot;,1567,144,1565,144.5],[&quot;Q&quot;,1563,145,1561,145.5],[&quot;Q&quot;,1559,146,1558,146],[&quot;Q&quot;,1557,146,1556.5,146],[&quot;Q&quot;,1556,146,1555,146],[&quot;Q&quot;,1554,146,1552.5,147],[&quot;Q&quot;,1551,148,1549.5,148.5],[&quot;Q&quot;,1548,149,1545.5,149.5],[&quot;Q&quot;,1543,150,1541.5,150.5],[&quot;Q&quot;,1540,151,1535.5,152],[&quot;Q&quot;,1531,153,1526.5,153.5],[&quot;Q&quot;,1522,154,1517.5,154],[&quot;Q&quot;,1513,154,1508,154.5],[&quot;Q&quot;,1503,155,1496,155],[&quot;Q&quot;,1489,155,1483.5,155],[&quot;Q&quot;,1478,155,1473,155],[&quot;Q&quot;,1468,155,1462,155],[&quot;Q&quot;,1456,155,1451,155],[&quot;Q&quot;,1446,155,1440.5,155],[&quot;Q&quot;,1435,155,1431,155],[&quot;Q&quot;,1427,155,1422,155],[&quot;Q&quot;,1417,155,1413.5,155],[&quot;Q&quot;,1410,155,1403.5,155],[&quot;Q&quot;,1397,155,1391.5,155],[&quot;Q&quot;,1386,155,1380.5,155],[&quot;Q&quot;,1375,155,1371.5,155],[&quot;Q&quot;,1368,155,1363.5,155],[&quot;Q&quot;,1359,155,1356,155],[&quot;Q&quot;,1353,155,1348.5,155],[&quot;Q&quot;,1344,155,1339.5,155],[&quot;Q&quot;,1335,155,1331.5,155],[&quot;Q&quot;,1328,155,1323.5,155],[&quot;Q&quot;,1319,155,1315.5,155],[&quot;Q&quot;,1312,155,1308,155],[&quot;Q&quot;,1304,155,1300,155],[&quot;Q&quot;,1296,155,1293,155],[&quot;Q&quot;,1290,155,1288,155],[&quot;Q&quot;,1286,155,1284,155],[&quot;Q&quot;,1282,155,1280.5,155],[&quot;Q&quot;,1279,155,1278.5,155],[&quot;Q&quot;,1278,155,1276.5,155],[&quot;Q&quot;,1275,155,1274.5,155],[&quot;Q&quot;,1274,155,1273.5,155],[&quot;Q&quot;,1273,155,1272.5,155],[&quot;Q&quot;,1272,155,1271,155],[&quot;Q&quot;,1270,155,1269.5,155],[&quot;Q&quot;,1269,155,1267.5,155],[&quot;Q&quot;,1266,155,1265.5,155],[&quot;Q&quot;,1265,155,1264.5,155],[&quot;Q&quot;,1264,155,1263.5,155],[&quot;Q&quot;,1263,155,1262.5,155],[&quot;Q&quot;,1262,155,1262,154],[&quot;Q&quot;,1262,153,1262.5,152.5],[&quot;Q&quot;,1263,152,1264.5,150.5],[&quot;Q&quot;,1266,149,1267.5,147.5],[&quot;Q&quot;,1269,146,1271.5,144.5],[&quot;Q&quot;,1274,143,1277.5,142],[&quot;Q&quot;,1281,141,1288,139],[&quot;Q&quot;,1295,137,1303,136],[&quot;Q&quot;,1311,135,1323,133.5],[&quot;Q&quot;,1335,132,1346,130],[&quot;Q&quot;,1357,128,1366.5,126],[&quot;Q&quot;,1376,124,1382,122.5],[&quot;Q&quot;,1388,121,1392,119.5],[&quot;Q&quot;,1396,118,1398.5,117],[&quot;Q&quot;,1401,116,1403,115],[&quot;Q&quot;,1405,114,1406,112.5],[&quot;Q&quot;,1407,111,1408,111],[&quot;Q&quot;,1409,111,1409.5,110.5],[&quot;Q&quot;,1410,110,1411,108.5],[&quot;Q&quot;,1412,107,1412.5,107],[&quot;Q&quot;,1413,107,1413.5,107],[&quot;Q&quot;,1414,107,1414,106.5],[&quot;Q&quot;,1414,106,1414.5,105.5],[&quot;Q&quot;,1415,105,1415,104.5],[&quot;Q&quot;,1415,104,1415.5,104],[&quot;Q&quot;,1416,104,1416.5,103.5],[&quot;Q&quot;,1417,103,1417,102.5],[&quot;Q&quot;,1417,102,1417,100.5],[&quot;Q&quot;,1417,99,1416.5,99],[&quot;Q&quot;,1416,99,1415.5,97.5],[&quot;Q&quot;,1415,96,1413,95],[&quot;Q&quot;,1411,94,1408.5,93],[&quot;Q&quot;,1406,92,1404,92],[&quot;Q&quot;,1402,92,1398,91],[&quot;Q&quot;,1394,90,1390.5,90],[&quot;Q&quot;,1387,90,1383,90],[&quot;Q&quot;,1379,90,1374.5,90],[&quot;Q&quot;,1370,90,1365,90],[&quot;Q&quot;,1360,90,1356,90],[&quot;Q&quot;,1352,90,1347.5,90],[&quot;Q&quot;,1343,90,1340,90],[&quot;Q&quot;,1337,90,1333.5,90.5],[&quot;Q&quot;,1330,91,1327,92],[&quot;Q&quot;,1324,93,1319.5,94.5],[&quot;Q&quot;,1315,96,1311.5,97],[&quot;Q&quot;,1308,98,1302.5,99.5],[&quot;Q&quot;,1297,101,1293.5,102.5],[&quot;Q&quot;,1290,104,1286,105],[&quot;Q&quot;,1282,106,1280.5,106.5],[&quot;Q&quot;,1279,107,1277,107.5],[&quot;Q&quot;,1275,108,1274,108],[&quot;Q&quot;,1273,108,1272.5,108.5],[&quot;Q&quot;,1272,109,1270.5,109],[&quot;Q&quot;,1269,109,1267.5,109.5],[&quot;Q&quot;,1266,110,1263.5,110.5],[&quot;Q&quot;,1261,111,1260,111],[&quot;Q&quot;,1259,111,1256,111],[&quot;Q&quot;,1253,111,1250,112],[&quot;Q&quot;,1247,113,1243,113.5],[&quot;Q&quot;,1239,114,1238,114],[&quot;Q&quot;,1237,114,1236,114],[&quot;Q&quot;,1235,114,1234.5,114],[&quot;Q&quot;,1234,114,1233.5,114],[&quot;Q&quot;,1233,114,1232,114],[&quot;Q&quot;,1231,114,1226.5,114],[&quot;L&quot;,1221.953,114]]},{&quot;type&quot;:&quot;path&quot;,&quot;version&quot;:&quot;4.6.0&quot;,&quot;originX&quot;:&quot;left&quot;,&quot;originY&quot;:&quot;top&quot;,&quot;left&quot;:64,&quot;top&quot;:99,&quot;width&quot;:339.01,&quot;height&quot;:35,&quot;fill&quot;:null,&quot;stroke&quot;:&quot;#ffffff&quot;,&quot;strokeWidth&quot;:4,&quot;strokeDashArray&quot;:null,&quot;strokeLineCap&quot;:&quot;round&quot;,&quot;strokeDashOffset&quot;:0,&quot;strokeLineJoin&quot;:&quot;round&quot;,&quot;strokeUniform&quot;:false,&quot;strokeMiterLimit&quot;:10,&quot;scaleX&quot;:1,&quot;scaleY&quot;:1,&quot;angle&quot;:0,&quot;flipX&quot;:false,&quot;flipY&quot;:false,&quot;opacity&quot;:1,&quot;shadow&quot;:null,&quot;visible&quot;:true,&quot;backgroundColor&quot;:&quot;&quot;,&quot;fillRule&quot;:&quot;nonzero&quot;,&quot;paintFirst&quot;:&quot;fill&quot;,&quot;globalCompositeOperation&quot;:&quot;source-over&quot;,&quot;skewX&quot;:0,&quot;skewY&quot;:0,&quot;path&quot;:[[&quot;M&quot;,65.996,101],[&quot;Q&quot;,66,101,66.5,101],[&quot;Q&quot;,67,101,69.5,101],[&quot;Q&quot;,72,101,78,101.5],[&quot;Q&quot;,84,102,94.5,103],[&quot;Q&quot;,105,104,118,105.5],[&quot;Q&quot;,131,107,147,110],[&quot;Q&quot;,163,113,180,115],[&quot;Q&quot;,197,117,212,120],[&quot;Q&quot;,227,123,239.5,126],[&quot;Q&quot;,252,129,262,131],[&quot;Q&quot;,272,133,278,134],[&quot;Q&quot;,284,135,287.5,135.5],[&quot;Q&quot;,291,136,294,136],[&quot;Q&quot;,297,136,298.5,136],[&quot;Q&quot;,300,136,303,136],[&quot;Q&quot;,306,136,311,136],[&quot;Q&quot;,316,136,325.5,136],[&quot;Q&quot;,335,136,345.5,135.5],[&quot;Q&quot;,356,135,364.5,135],[&quot;Q&quot;,373,135,382.5,135],[&quot;Q&quot;,392,135,396,135],[&quot;Q&quot;,400,135,402.5,135],[&quot;L&quot;,405.004,135]]},{&quot;type&quot;:&quot;path&quot;,&quot;version&quot;:&quot;4.6.0&quot;,&quot;originX&quot;:&quot;left&quot;,&quot;originY&quot;:&quot;top&quot;,&quot;left&quot;:41.95,&quot;top&quot;:77.95,&quot;width&quot;:308.88,&quot;height&quot;:69.05,&quot;fill&quot;:null,&quot;stroke&quot;:&quot;#ffffff&quot;,&quot;strokeWidth&quot;:50,&quot;strokeDashArray&quot;:null,&quot;strokeLineCap&quot;:&quot;round&quot;,&quot;strokeDashOffset&quot;:0,&quot;strokeLineJoin&quot;:&quot;round&quot;,&quot;strokeUniform&quot;:false,&quot;strokeMiterLimit&quot;:10,&quot;scaleX&quot;:1,&quot;scaleY&quot;:1,&quot;angle&quot;:0,&quot;flipX&quot;:false,&quot;flipY&quot;:false,&quot;opacity&quot;:1,&quot;shadow&quot;:null,&quot;visible&quot;:true,&quot;backgroundColor&quot;:&quot;&quot;,&quot;fillRule&quot;:&quot;nonzero&quot;,&quot;paintFirst&quot;:&quot;fill&quot;,&quot;globalCompositeOperation&quot;:&quot;source-over&quot;,&quot;skewX&quot;:0,&quot;skewY&quot;:0,&quot;path&quot;:[[&quot;M&quot;,66.95,102.95],[&quot;Q&quot;,67,103,67,103.5],[&quot;Q&quot;,67,104,67.5,104.5],[&quot;Q&quot;,68,105,68.5,105],[&quot;Q&quot;,69,105,70,105.5],[&quot;Q&quot;,71,106,74,106],[&quot;Q&quot;,77,106,84,106.5],[&quot;Q&quot;,91,107,97.5,107],[&quot;Q&quot;,104,107,114.5,107],[&quot;Q&quot;,125,107,133.5,107],[&quot;Q&quot;,142,107,152,107],[&quot;Q&quot;,162,107,170.5,107],[&quot;Q&quot;,179,107,190.5,107],[&quot;Q&quot;,202,107,212.5,107],[&quot;Q&quot;,223,107,234,107],[&quot;Q&quot;,245,107,257,107],[&quot;Q&quot;,269,107,280.5,107],[&quot;Q&quot;,292,107,301.5,107],[&quot;Q&quot;,311,107,318.5,107],[&quot;Q&quot;,326,107,331,107],[&quot;Q&quot;,336,107,341,107],[&quot;Q&quot;,346,107,347.5,107],[&quot;Q&quot;,349,107,349.5,107.5],[&quot;Q&quot;,350,108,350.5,108],[&quot;Q&quot;,351,108,351.5,108],[&quot;Q&quot;,352,108,352.5,108.5],[&quot;Q&quot;,353,109,354,109.5],[&quot;Q&quot;,355,110,355.5,110.5],[&quot;Q&quot;,356,111,356.5,111.5],[&quot;Q&quot;,357,112,357.5,112],[&quot;Q&quot;,358,112,358,112.5],[&quot;Q&quot;,358,113,358,115.5],[&quot;Q&quot;,358,118,358,121.5],[&quot;Q&quot;,358,125,358,129.5],[&quot;Q&quot;,358,134,355.5,138.5],[&quot;Q&quot;,353,143,350.5,146],[&quot;Q&quot;,348,149,344,152.5],[&quot;Q&quot;,340,156,336,158.5],[&quot;Q&quot;,332,161,325,163.5],[&quot;Q&quot;,318,166,312.5,167.5],[&quot;Q&quot;,307,169,302,169.5],[&quot;Q&quot;,297,170,290.5,171],[&quot;Q&quot;,284,172,279,172],[&quot;Q&quot;,274,172,267.5,172],[&quot;Q&quot;,261,172,255.5,171.5],[&quot;Q&quot;,250,171,243.5,170],[&quot;Q&quot;,237,169,232,168.5],[&quot;Q&quot;,227,168,220.5,166.5],[&quot;Q&quot;,214,165,209,164.5],[&quot;Q&quot;,204,164,199,163.5],[&quot;Q&quot;,194,163,190.5,162],[&quot;Q&quot;,187,161,182,160.5],[&quot;Q&quot;,177,160,173,159],[&quot;Q&quot;,169,158,166,157],[&quot;Q&quot;,163,156,161,155.5],[&quot;Q&quot;,159,155,157,154],[&quot;Q&quot;,155,153,153.5,153],[&quot;Q&quot;,152,153,151,152],[&quot;Q&quot;,150,151,148.5,151],[&quot;Q&quot;,147,151,146,151],[&quot;Q&quot;,145,151,144,151],[&quot;Q&quot;,143,151,142,151],[&quot;Q&quot;,141,151,140,151],[&quot;Q&quot;,139,151,138.5,151],[&quot;Q&quot;,138,151,137,151],[&quot;Q&quot;,136,151,134,151],[&quot;Q&quot;,132,151,131,151],[&quot;Q&quot;,130,151,128,151],[&quot;Q&quot;,126,151,124,151],[&quot;Q&quot;,122,151,119,151],[&quot;Q&quot;,116,151,113,151],[&quot;Q&quot;,110,151,106.5,151],[&quot;Q&quot;,103,151,100,151],[&quot;Q&quot;,97,151,95,151],[&quot;Q&quot;,93,151,92,151],[&quot;Q&quot;,91,151,90.5,151],[&quot;Q&quot;,90,151,90.5,151],[&quot;Q&quot;,91,151,91.5,151],[&quot;Q&quot;,92,151,93.5,151],[&quot;Q&quot;,95,151,98.5,151.5],[&quot;Q&quot;,102,152,110.5,152],[&quot;Q&quot;,119,152,128.5,152],[&quot;Q&quot;,138,152,149,152],[&quot;Q&quot;,160,152,170.5,152],[&quot;Q&quot;,181,152,189.5,152],[&quot;Q&quot;,198,152,204.5,152],[&quot;Q&quot;,211,152,220,151.5],[&quot;Q&quot;,229,151,234,151],[&quot;Q&quot;,239,151,242,151],[&quot;Q&quot;,245,151,251.5,150.5],[&quot;Q&quot;,258,150,266.5,150],[&quot;Q&quot;,275,150,287,148.5],[&quot;Q&quot;,299,147,308.5,146.5],[&quot;Q&quot;,318,146,327.5,146],[&quot;Q&quot;,337,146,343.5,145.5],[&quot;Q&quot;,350,145,356,144.5],[&quot;Q&quot;,362,144,365.5,144],[&quot;Q&quot;,369,144,370,143.5],[&quot;Q&quot;,371,143,373,142.5],[&quot;Q&quot;,375,142,375.5,141.5],[&quot;Q&quot;,376,141,375,140.5],[&quot;Q&quot;,374,140,373.5,140],[&quot;Q&quot;,373,140,371.5,140],[&quot;Q&quot;,370,140,365.5,140],[&quot;Q&quot;,361,140,356,141.5],[&quot;Q&quot;,351,143,345,143.5],[&quot;Q&quot;,339,144,331.5,145],[&quot;Q&quot;,324,146,317,147],[&quot;Q&quot;,310,148,302,149],[&quot;Q&quot;,294,150,288,150.5],[&quot;Q&quot;,282,151,274.5,152],[&quot;Q&quot;,267,153,260,154],[&quot;Q&quot;,253,155,245.5,155],[&quot;Q&quot;,238,155,232,155],[&quot;Q&quot;,226,155,218.5,156.5],[&quot;Q&quot;,211,158,206,158],[&quot;Q&quot;,201,158,197,158],[&quot;Q&quot;,193,158,189,158],[&quot;Q&quot;,185,158,182,158],[&quot;Q&quot;,179,158,177.5,158],[&quot;Q&quot;,176,158,174,158],[&quot;Q&quot;,172,158,171,158],[&quot;Q&quot;,170,158,168.5,158],[&quot;Q&quot;,167,158,165.5,158],[&quot;Q&quot;,164,158,162,158],[&quot;Q&quot;,160,158,159,157.5],[&quot;Q&quot;,158,157,157,157],[&quot;Q&quot;,156,157,155.5,156.5],[&quot;Q&quot;,155,156,154.5,155.5],[&quot;Q&quot;,154,155,154.5,154],[&quot;L&quot;,155.05,152.95]]},{&quot;type&quot;:&quot;path&quot;,&quot;version&quot;:&quot;4.6.0&quot;,&quot;originX&quot;:&quot;left&quot;,&quot;originY&quot;:&quot;top&quot;,&quot;left&quot;:145,&quot;top&quot;:327,&quot;width&quot;:1609.01,&quot;height&quot;:70.88,&quot;fill&quot;:null,&quot;stroke&quot;:&quot;#2c3e50&quot;,&quot;strokeWidth&quot;:4,&quot;strokeDashArray&quot;:null,&quot;strokeLineCap&quot;:&quot;round&quot;,&quot;strokeDashOffset&quot;:0,&quot;strokeLineJoin&quot;:&quot;round&quot;,&quot;strokeUniform&quot;:false,&quot;strokeMiterLimit&quot;:10,&quot;scaleX&quot;:1,&quot;scaleY&quot;:1,&quot;angle&quot;:0,&quot;flipX&quot;:false,&quot;flipY&quot;:false,&quot;opacity&quot;:1,&quot;shadow&quot;:null,&quot;visible&quot;:true,&quot;backgroundColor&quot;:&quot;&quot;,&quot;fillRule&quot;:&quot;nonzero&quot;,&quot;paintFirst&quot;:&quot;fill&quot;,&quot;globalCompositeOperation&quot;:&quot;source-over&quot;,&quot;skewX&quot;:0,&quot;skewY&quot;:0,&quot;path&quot;:[[&quot;M&quot;,146.996,380],[&quot;Q&quot;,147,380,150.5,380],[&quot;Q&quot;,154,380,161,380],[&quot;Q&quot;,168,380,178,378.5],[&quot;Q&quot;,188,377,205,377],[&quot;Q&quot;,222,377,251.5,377],[&quot;Q&quot;,281,377,319.5,377],[&quot;Q&quot;,358,377,397,377],[&quot;Q&quot;,436,377,472.5,377.5],[&quot;Q&quot;,509,378,543.5,381],[&quot;Q&quot;,578,384,612,384],[&quot;Q&quot;,646,384,680.5,387],[&quot;Q&quot;,715,390,750,393],[&quot;Q&quot;,785,396,817.5,396],[&quot;Q&quot;,850,396,883,396],[&quot;Q&quot;,916,396,942.5,396],[&quot;Q&quot;,969,396,999,396],[&quot;Q&quot;,1029,396,1044,396],[&quot;Q&quot;,1059,396,1089,396],[&quot;Q&quot;,1119,396,1139.5,396],[&quot;Q&quot;,1160,396,1190,397.5],[&quot;Q&quot;,1220,399,1239.5,399],[&quot;Q&quot;,1259,399,1275.5,399.5],[&quot;Q&quot;,1292,400,1310,399.5],[&quot;Q&quot;,1328,399,1351,396.5],[&quot;Q&quot;,1374,394,1406.5,389.5],[&quot;Q&quot;,1439,385,1474,381],[&quot;Q&quot;,1509,377,1541,372.5],[&quot;Q&quot;,1573,368,1591,365.5],[&quot;Q&quot;,1609,363,1617,361.5],[&quot;Q&quot;,1625,360,1631.5,358.5],[&quot;Q&quot;,1638,357,1646,355.5],[&quot;Q&quot;,1654,354,1670.5,351],[&quot;Q&quot;,1687,348,1709.5,343],[&quot;Q&quot;,1732,338,1744,333.5],[&quot;L&quot;,1756.004,328.996]]},{&quot;type&quot;:&quot;path&quot;,&quot;version&quot;:&quot;4.6.0&quot;,&quot;originX&quot;:&quot;left&quot;,&quot;originY&quot;:&quot;top&quot;,&quot;left&quot;:133,&quot;top&quot;:363,&quot;width&quot;:1668.01,&quot;height&quot;:66,&quot;fill&quot;:null,&quot;stroke&quot;:&quot;#2c3e50&quot;,&quot;strokeWidth&quot;:4,&quot;strokeDashArray&quot;:null,&quot;strokeLineCap&quot;:&quot;round&quot;,&quot;strokeDashOffset&quot;:0,&quot;strokeLineJoin&quot;:&quot;round&quot;,&quot;strokeUniform&quot;:false,&quot;strokeMiterLimit&quot;:10,&quot;scaleX&quot;:1,&quot;scaleY&quot;:1,&quot;angle&quot;:0,&quot;flipX&quot;:false,&quot;flipY&quot;:false,&quot;opacity&quot;:1,&quot;shadow&quot;:null,&quot;visible&quot;:true,&quot;backgroundColor&quot;:&quot;&quot;,&quot;fillRule&quot;:&quot;nonzero&quot;,&quot;paintFirst&quot;:&quot;fill&quot;,&quot;globalCompositeOperation&quot;:&quot;source-over&quot;,&quot;skewX&quot;:0,&quot;skewY&quot;:0,&quot;path&quot;:[[&quot;M&quot;,134.996,412.996],[&quot;Q&quot;,135,413,135.5,413],[&quot;Q&quot;,136,413,138.5,414],[&quot;Q&quot;,141,415,152.5,415],[&quot;Q&quot;,164,415,190.5,415],[&quot;Q&quot;,217,415,238.5,415],[&quot;Q&quot;,260,415,295,415],[&quot;Q&quot;,330,415,370,415],[&quot;Q&quot;,410,415,453.5,415],[&quot;Q&quot;,497,415,523,415],[&quot;Q&quot;,549,415,583.5,415],[&quot;Q&quot;,618,415,652,415],[&quot;Q&quot;,686,415,703.5,417],[&quot;Q&quot;,721,419,735.5,420.5],[&quot;Q&quot;,750,422,766.5,424],[&quot;Q&quot;,783,426,793.5,427],[&quot;Q&quot;,804,428,837,429.5],[&quot;Q&quot;,870,431,893.5,431],[&quot;Q&quot;,917,431,935,431],[&quot;Q&quot;,953,431,965.5,431],[&quot;Q&quot;,978,431,987,431],[&quot;Q&quot;,996,431,1002,431],[&quot;Q&quot;,1008,431,1034,431],[&quot;Q&quot;,1060,431,1084.5,431],[&quot;Q&quot;,1109,431,1133.5,431],[&quot;Q&quot;,1158,431,1178.5,431],[&quot;Q&quot;,1199,431,1214.5,431],[&quot;Q&quot;,1230,431,1241.5,431],[&quot;Q&quot;,1253,431,1263.5,431],[&quot;Q&quot;,1274,431,1289.5,430.5],[&quot;Q&quot;,1305,430,1322,430],[&quot;Q&quot;,1339,430,1346.5,430],[&quot;Q&quot;,1354,430,1375,429],[&quot;Q&quot;,1396,428,1405.5,427],[&quot;Q&quot;,1415,426,1426,425.5],[&quot;Q&quot;,1437,425,1456,423.5],[&quot;Q&quot;,1475,422,1505,422],[&quot;Q&quot;,1535,422,1556.5,420.5],[&quot;Q&quot;,1578,419,1593.5,416.5],[&quot;Q&quot;,1609,414,1610.5,414],[&quot;Q&quot;,1612,414,1612.5,414],[&quot;Q&quot;,1613,414,1615.5,413.5],[&quot;Q&quot;,1618,413,1632,410],[&quot;Q&quot;,1646,407,1668,402.5],[&quot;Q&quot;,1690,398,1719.5,391.5],[&quot;Q&quot;,1749,385,1766,380.5],[&quot;Q&quot;,1783,376,1785,375],[&quot;Q&quot;,1787,374,1788,373.5],[&quot;Q&quot;,1789,373,1790,373],[&quot;Q&quot;,1791,373,1792.5,372],[&quot;Q&quot;,1794,371,1795,370.5],[&quot;Q&quot;,1796,370,1796.5,369.5],[&quot;Q&quot;,1797,369,1797.5,369],[&quot;Q&quot;,1798,369,1799,368.5],[&quot;Q&quot;,1800,368,1801.5,366.5],[&quot;L&quot;,1803.004,364.996]]},{&quot;type&quot;:&quot;path&quot;,&quot;version&quot;:&quot;4.6.0&quot;,&quot;originX&quot;:&quot;left&quot;,&quot;originY&quot;:&quot;top&quot;,&quot;left&quot;:441.13,&quot;top&quot;:465,&quot;width&quot;:130.88,&quot;height&quot;:89,&quot;fill&quot;:null,&quot;stroke&quot;:&quot;#2c3e50&quot;,&quot;strokeWidth&quot;:4,&quot;strokeDashArray&quot;:null,&quot;strokeLineCap&quot;:&quot;round&quot;,&quot;strokeDashOffset&quot;:0,&quot;strokeLineJoin&quot;:&quot;round&quot;,&quot;strokeUniform&quot;:false,&quot;strokeMiterLimit&quot;:10,&quot;scaleX&quot;:1,&quot;scaleY&quot;:1,&quot;angle&quot;:0,&quot;flipX&quot;:false,&quot;flipY&quot;:false,&quot;opacity&quot;:1,&quot;shadow&quot;:null,&quot;visible&quot;:true,&quot;backgroundColor&quot;:&quot;&quot;,&quot;fillRule&quot;:&quot;nonzero&quot;,&quot;paintFirst&quot;:&quot;fill&quot;,&quot;globalCompositeOperation&quot;:&quot;source-over&quot;,&quot;skewX&quot;:0,&quot;skewY&quot;:0,&quot;path&quot;:[[&quot;M&quot;,520.004,466.996],[&quot;Q&quot;,520,467,519.5,467.5],[&quot;Q&quot;,519,468,518.5,469],[&quot;Q&quot;,518,470,517,470.5],[&quot;Q&quot;,516,471,514,473],[&quot;Q&quot;,512,475,510,477],[&quot;Q&quot;,508,479,506,480.5],[&quot;Q&quot;,504,482,502,484],[&quot;Q&quot;,500,486,496,489.5],[&quot;Q&quot;,492,493,488,496],[&quot;Q&quot;,484,499,479.5,503],[&quot;Q&quot;,475,507,471,510],[&quot;Q&quot;,467,513,463.5,515.5],[&quot;Q&quot;,460,518,457.5,519.5],[&quot;Q&quot;,455,521,453,522.5],[&quot;Q&quot;,451,524,449.5,525.5],[&quot;Q&quot;,448,527,447.5,527],[&quot;Q&quot;,447,527,446.5,528],[&quot;Q&quot;,446,529,445,530],[&quot;Q&quot;,444,531,443.5,531.5],[&quot;Q&quot;,443,532,443.5,533],[&quot;Q&quot;,444,534,445,534.5],[&quot;Q&quot;,446,535,448.5,536],[&quot;Q&quot;,451,537,455,538],[&quot;Q&quot;,459,539,465,539.5],[&quot;Q&quot;,471,540,478,541.5],[&quot;Q&quot;,485,543,493.5,544],[&quot;Q&quot;,502,545,506,546],[&quot;Q&quot;,510,547,523.5,548],[&quot;Q&quot;,537,549,542,549.5],[&quot;Q&quot;,547,550,550.5,550.5],[&quot;Q&quot;,554,551,555.5,551.5],[&quot;Q&quot;,557,552,559,552.5],[&quot;Q&quot;,561,553,561.5,553],[&quot;Q&quot;,562,553,563,553.5],[&quot;Q&quot;,564,554,565.5,554.5],[&quot;Q&quot;,567,555,569,555.5],[&quot;Q&quot;,571,556,571.5,556],[&quot;Q&quot;,572,556,573,556],[&quot;Q&quot;,574,556,574,555.5],[&quot;Q&quot;,574,555,574,554.5],[&quot;Q&quot;,574,554,574,553.5],[&quot;Q&quot;,574,553,574,551.5],[&quot;Q&quot;,574,550,573.5,549],[&quot;Q&quot;,573,548,573,547.5],[&quot;Q&quot;,573,547,572.5,546],[&quot;Q&quot;,572,545,572,544],[&quot;Q&quot;,572,543,572,542],[&quot;Q&quot;,572,541,571.5,540],[&quot;Q&quot;,571,539,570.5,537.5],[&quot;Q&quot;,570,536,569.5,535],[&quot;Q&quot;,569,534,568.5,533],[&quot;Q&quot;,568,532,567.5,531],[&quot;Q&quot;,567,530,566.5,528],[&quot;Q&quot;,566,526,566,524.5],[&quot;Q&quot;,566,523,565.5,522],[&quot;Q&quot;,565,521,564,519.5],[&quot;Q&quot;,563,518,562.5,517],[&quot;Q&quot;,562,516,561.5,514.5],[&quot;Q&quot;,561,513,560.5,512.5],[&quot;Q&quot;,560,512,559.5,510.5],[&quot;Q&quot;,559,509,558.5,508.5],[&quot;Q&quot;,558,508,557.5,507.5],[&quot;Q&quot;,557,507,557,506],[&quot;Q&quot;,557,505,556.5,504.5],[&quot;Q&quot;,556,504,555.5,504],[&quot;Q&quot;,555,504,554.5,502.5],[&quot;Q&quot;,554,501,553.5,500.5],[&quot;Q&quot;,553,500,552.5,499.5],[&quot;Q&quot;,552,499,551,497.5],[&quot;Q&quot;,550,496,549,495.5],[&quot;Q&quot;,548,495,548,494],[&quot;Q&quot;,548,493,547.5,492.5],[&quot;Q&quot;,547,492,546.5,491.5],[&quot;Q&quot;,546,491,545.5,491],[&quot;Q&quot;,545,491,545,490.5],[&quot;Q&quot;,545,490,545,489.5],[&quot;Q&quot;,545,489,544.5,488.5],[&quot;Q&quot;,544,488,544,487.5],[&quot;Q&quot;,544,487,543.5,487],[&quot;Q&quot;,543,487,543,486.5],[&quot;Q&quot;,543,486,542.5,485.5],[&quot;Q&quot;,542,485,541.5,484.5],[&quot;Q&quot;,541,484,541,483.5],[&quot;Q&quot;,541,483,540.5,483],[&quot;Q&quot;,540,483,540,482.5],[&quot;Q&quot;,540,482,539.5,481.5],[&quot;Q&quot;,539,481,538.5,480.5],[&quot;Q&quot;,538,480,538,479.5],[&quot;Q&quot;,538,479,537.5,479],[&quot;Q&quot;,537,479,537,478.5],[&quot;Q&quot;,537,478,536.5,478],[&quot;Q&quot;,536,478,536,477],[&quot;Q&quot;,536,476,535.5,476],[&quot;Q&quot;,535,476,534.5,476],[&quot;Q&quot;,534,476,533.5,475.5],[&quot;Q&quot;,533,475,533,474.5],[&quot;Q&quot;,533,474,533,473.5],[&quot;Q&quot;,533,473,532.5,473],[&quot;Q&quot;,532,473,532,472.5],[&quot;Q&quot;,532,472,531.5,472],[&quot;Q&quot;,531,472,530.5,472],[&quot;Q&quot;,530,472,530,471.5],[&quot;Q&quot;,530,471,529.5,471],[&quot;Q&quot;,529,471,529,470.5],[&quot;Q&quot;,529,470,528,470],[&quot;Q&quot;,527,470,526.5,469],[&quot;Q&quot;,526,468,525.5,468],[&quot;Q&quot;,525,468,524.5,468],[&quot;Q&quot;,524,468,523.5,467.5],[&quot;L&quot;,522.996,466.996]]},{&quot;type&quot;:&quot;path&quot;,&quot;version&quot;:&quot;4.6.0&quot;,&quot;originX&quot;:&quot;left&quot;,&quot;originY&quot;:&quot;top&quot;,&quot;left&quot;:828,&quot;top&quot;:489,&quot;width&quot;:85,&quot;height&quot;:78,&quot;fill&quot;:null,&quot;stroke&quot;:&quot;#2c3e50&quot;,&quot;strokeWidth&quot;:4,&quot;strokeDashArray&quot;:null,&quot;strokeLineCap&quot;:&quot;round&quot;,&quot;strokeDashOffset&quot;:0,&quot;strokeLineJoin&quot;:&quot;round&quot;,&quot;strokeUniform&quot;:false,&quot;strokeMiterLimit&quot;:10,&quot;scaleX&quot;:1,&quot;scaleY&quot;:1,&quot;angle&quot;:0,&quot;flipX&quot;:false,&quot;flipY&quot;:false,&quot;opacity&quot;:1,&quot;shadow&quot;:null,&quot;visible&quot;:true,&quot;backgroundColor&quot;:&quot;&quot;,&quot;fillRule&quot;:&quot;nonzero&quot;,&quot;paintFirst&quot;:&quot;fill&quot;,&quot;globalCompositeOperation&quot;:&quot;source-over&quot;,&quot;skewX&quot;:0,&quot;skewY&quot;:0,&quot;path&quot;:[[&quot;M&quot;,899,502.004],[&quot;Q&quot;,899,502,898.5,501.5],[&quot;Q&quot;,898,501,898,500.5],[&quot;Q&quot;,898,500,897.5,500],[&quot;Q&quot;,897,500,897,499.5],[&quot;Q&quot;,897,499,896.5,499],[&quot;Q&quot;,896,499,895.5,498.5],[&quot;Q&quot;,895,498,895,497.5],[&quot;Q&quot;,895,497,893.5,496.5],[&quot;Q&quot;,892,496,891.5,496],[&quot;Q&quot;,891,496,891,495.5],[&quot;Q&quot;,891,495,890,495],[&quot;Q&quot;,889,495,888.5,494.5],[&quot;Q&quot;,888,494,887.5,494],[&quot;Q&quot;,887,494,886.5,493.5],[&quot;Q&quot;,886,493,885,492.5],[&quot;Q&quot;,884,492,883.5,492],[&quot;Q&quot;,883,492,883,491.5],[&quot;Q&quot;,883,491,881.5,491],[&quot;Q&quot;,880,491,879.5,491],[&quot;Q&quot;,879,491,878,491],[&quot;Q&quot;,877,491,875.5,491],[&quot;Q&quot;,874,491,873,491],[&quot;Q&quot;,872,491,871,491],[&quot;Q&quot;,870,491,869,491],[&quot;Q&quot;,868,491,866.5,491],[&quot;Q&quot;,865,491,863,491],[&quot;Q&quot;,861,491,859.5,491],[&quot;Q&quot;,858,491,857.5,491.5],[&quot;Q&quot;,857,492,856,492.5],[&quot;Q&quot;,855,493,854.5,493],[&quot;Q&quot;,854,493,853,493.5],[&quot;Q&quot;,852,494,851.5,494],[&quot;Q&quot;,851,494,850,494.5],[&quot;Q&quot;,849,495,848,495.5],[&quot;Q&quot;,847,496,845.5,497],[&quot;Q&quot;,844,498,843.5,498.5],[&quot;Q&quot;,843,499,841.5,500],[&quot;Q&quot;,840,501,839,502],[&quot;Q&quot;,838,503,837.5,503.5],[&quot;Q&quot;,837,504,836.5,504.5],[&quot;Q&quot;,836,505,835.5,505.5],[&quot;Q&quot;,835,506,834.5,507.5],[&quot;Q&quot;,834,509,833,510],[&quot;Q&quot;,832,511,831.5,512],[&quot;Q&quot;,831,513,831,514],[&quot;Q&quot;,831,515,830.5,515.5],[&quot;Q&quot;,830,516,830,517.5],[&quot;Q&quot;,830,519,830,520],[&quot;Q&quot;,830,521,830,523],[&quot;Q&quot;,830,525,830,527],[&quot;Q&quot;,830,529,830,530],[&quot;Q&quot;,830,531,830,532.5],[&quot;Q&quot;,830,534,830,535],[&quot;Q&quot;,830,536,830.5,537.5],[&quot;Q&quot;,831,539,831.5,540],[&quot;Q&quot;,832,541,832.5,542.5],[&quot;Q&quot;,833,544,834,545.5],[&quot;Q&quot;,835,547,835,548],[&quot;Q&quot;,835,549,836,549.5],[&quot;Q&quot;,837,550,838,551.5],[&quot;Q&quot;,839,553,840,554.5],[&quot;Q&quot;,841,556,842.5,557],[&quot;Q&quot;,844,558,846,559],[&quot;Q&quot;,848,560,849,561],[&quot;Q&quot;,850,562,852,563],[&quot;Q&quot;,854,564,855.5,565],[&quot;Q&quot;,857,566,858,566],[&quot;Q&quot;,859,566,861,566.5],[&quot;Q&quot;,863,567,864.5,568],[&quot;Q&quot;,866,569,867.5,569],[&quot;Q&quot;,869,569,870,569],[&quot;Q&quot;,871,569,872,569],[&quot;Q&quot;,873,569,874,569],[&quot;Q&quot;,875,569,875.5,569],[&quot;Q&quot;,876,569,877,569],[&quot;Q&quot;,878,569,879.5,569],[&quot;Q&quot;,881,569,882,568.5],[&quot;Q&quot;,883,568,884,568],[&quot;Q&quot;,885,568,886.5,567.5],[&quot;Q&quot;,888,567,889.5,566.5],[&quot;Q&quot;,891,566,892,565],[&quot;Q&quot;,893,564,894.5,563.5],[&quot;Q&quot;,896,563,897,562.5],[&quot;Q&quot;,898,562,898.5,562],[&quot;Q&quot;,899,562,900,561.5],[&quot;Q&quot;,901,561,901.5,560],[&quot;Q&quot;,902,559,902.5,559],[&quot;Q&quot;,903,559,904,558.5],[&quot;Q&quot;,905,558,905.5,557],[&quot;Q&quot;,906,556,907,555.5],[&quot;Q&quot;,908,555,908.5,554],[&quot;Q&quot;,909,553,909.5,551.5],[&quot;Q&quot;,910,550,910.5,550],[&quot;Q&quot;,911,550,911.5,548.5],[&quot;Q&quot;,912,547,913,545],[&quot;Q&quot;,914,543,914,542],[&quot;Q&quot;,914,541,914,540],[&quot;Q&quot;,914,539,914,538.5],[&quot;Q&quot;,914,538,914.5,535.5],[&quot;Q&quot;,915,533,915,531.5],[&quot;Q&quot;,915,530,915,528.5],[&quot;Q&quot;,915,527,915,526],[&quot;Q&quot;,915,525,915,524],[&quot;Q&quot;,915,523,915,520.5],[&quot;Q&quot;,915,518,915,516.5],[&quot;Q&quot;,915,515,915,514],[&quot;Q&quot;,915,513,915,511.5],[&quot;Q&quot;,915,510,915,509],[&quot;Q&quot;,915,508,914.5,507.5],[&quot;Q&quot;,914,507,914,506],[&quot;Q&quot;,914,505,913,504.5],[&quot;Q&quot;,912,504,912,503.5],[&quot;Q&quot;,912,503,911.5,502],[&quot;Q&quot;,911,501,910.5,501],[&quot;Q&quot;,910,501,909.5,500.5],[&quot;Q&quot;,909,500,908,499.5],[&quot;Q&quot;,907,499,906.5,498.5],[&quot;Q&quot;,906,498,905.5,498],[&quot;Q&quot;,905,498,904.5,497.5],[&quot;Q&quot;,904,497,903.5,497],[&quot;Q&quot;,903,497,902.5,497],[&quot;Q&quot;,902,497,902,496.5],[&quot;Q&quot;,902,496,901,496],[&quot;Q&quot;,900,496,899.5,495.5],[&quot;Q&quot;,899,495,898.5,495],[&quot;Q&quot;,898,495,897,494.5],[&quot;Q&quot;,896,494,895,494],[&quot;Q&quot;,894,494,893.5,494],[&quot;Q&quot;,893,494,892,494],[&quot;Q&quot;,891,494,891,493.5],[&quot;Q&quot;,891,493,890,493],[&quot;Q&quot;,889,493,888,493],[&quot;Q&quot;,887,493,886.5,493],[&quot;Q&quot;,886,493,885.5,493],[&quot;Q&quot;,885,493,884.5,493],[&quot;Q&quot;,884,493,883.5,493],[&quot;Q&quot;,883,493,882.5,493],[&quot;Q&quot;,882,493,881.5,493],[&quot;Q&quot;,881,493,880,493],[&quot;Q&quot;,879,493,878.5,493],[&quot;Q&quot;,878,493,877,493],[&quot;Q&quot;,876,493,874.5,493],[&quot;L&quot;,872.996,493]]},{&quot;type&quot;:&quot;path&quot;,&quot;version&quot;:&quot;4.6.0&quot;,&quot;originX&quot;:&quot;left&quot;,&quot;originY&quot;:&quot;top&quot;,&quot;left&quot;:289,&quot;top&quot;:42,&quot;width&quot;:219.01,&quot;height&quot;:10,&quot;fill&quot;:null,&quot;stroke&quot;:&quot;#2c3e50&quot;,&quot;strokeWidth&quot;:4,&quot;strokeDashArray&quot;:null,&quot;strokeLineCap&quot;:&quot;round&quot;,&quot;strokeDashOffset&quot;:0,&quot;strokeLineJoin&quot;:&quot;round&quot;,&quot;strokeUniform&quot;:false,&quot;strokeMiterLimit&quot;:10,&quot;scaleX&quot;:1,&quot;scaleY&quot;:1,&quot;angle&quot;:0,&quot;flipX&quot;:false,&quot;flipY&quot;:false,&quot;opacity&quot;:1,&quot;shadow&quot;:null,&quot;visible&quot;:true,&quot;backgroundColor&quot;:&quot;&quot;,&quot;fillRule&quot;:&quot;nonzero&quot;,&quot;paintFirst&quot;:&quot;fill&quot;,&quot;globalCompositeOperation&quot;:&quot;source-over&quot;,&quot;skewX&quot;:0,&quot;skewY&quot;:0,&quot;path&quot;:[[&quot;M&quot;,290.996,54.004],[&quot;Q&quot;,291,54,292,54],[&quot;Q&quot;,293,54,294,53.5],[&quot;Q&quot;,295,53,296.5,52.5],[&quot;Q&quot;,298,52,300,51.5],[&quot;Q&quot;,302,51,304.5,50.5],[&quot;Q&quot;,307,50,311,49.5],[&quot;Q&quot;,315,49,319,48.5],[&quot;Q&quot;,323,48,328,47.5],[&quot;Q&quot;,333,47,336.5,46.5],[&quot;Q&quot;,340,46,344.5,45.5],[&quot;Q&quot;,349,45,352,44.5],[&quot;Q&quot;,355,44,358,44],[&quot;Q&quot;,361,44,363.5,44],[&quot;Q&quot;,366,44,368.5,44],[&quot;Q&quot;,371,44,372.5,44],[&quot;Q&quot;,374,44,376,44],[&quot;Q&quot;,378,44,379.5,44],[&quot;Q&quot;,381,44,383,44],[&quot;Q&quot;,385,44,387,44],[&quot;Q&quot;,389,44,390.5,44],[&quot;Q&quot;,392,44,394.5,44.5],[&quot;Q&quot;,397,45,399,45],[&quot;Q&quot;,401,45,403.5,45.5],[&quot;Q&quot;,406,46,409.5,46.5],[&quot;Q&quot;,413,47,418,47],[&quot;Q&quot;,423,47,428,47],[&quot;Q&quot;,433,47,439.5,47],[&quot;Q&quot;,446,47,451,47],[&quot;Q&quot;,456,47,460.5,47],[&quot;Q&quot;,465,47,469,47],[&quot;Q&quot;,473,47,476,47],[&quot;Q&quot;,479,47,481.5,47],[&quot;Q&quot;,484,47,484.5,47],[&quot;Q&quot;,485,47,486,47],[&quot;Q&quot;,487,47,488,47],[&quot;Q&quot;,489,47,490,47],[&quot;Q&quot;,491,47,492,47],[&quot;Q&quot;,493,47,493.5,47],[&quot;Q&quot;,494,47,495,47],[&quot;Q&quot;,496,47,496.5,47],[&quot;Q&quot;,497,47,498,47],[&quot;Q&quot;,499,47,499.5,47],[&quot;Q&quot;,500,47,500.5,47],[&quot;Q&quot;,501,47,502.5,47],[&quot;Q&quot;,504,47,505,47],[&quot;Q&quot;,506,47,507,47],[&quot;Q&quot;,508,47,509,47],[&quot;L&quot;,510.004,47]]},{&quot;type&quot;:&quot;path&quot;,&quot;version&quot;:&quot;4.6.0&quot;,&quot;originX&quot;:&quot;left&quot;,&quot;originY&quot;:&quot;top&quot;,&quot;left&quot;:496,&quot;top&quot;:30,&quot;width&quot;:29,&quot;height&quot;:37.01,&quot;fill&quot;:null,&quot;stroke&quot;:&quot;#2c3e50&quot;,&quot;strokeWidth&quot;:4,&quot;strokeDashArray&quot;:null,&quot;strokeLineCap&quot;:&quot;round&quot;,&quot;strokeDashOffset&quot;:0,&quot;strokeLineJoin&quot;:&quot;round&quot;,&quot;strokeUniform&quot;:false,&quot;strokeMiterLimit&quot;:10,&quot;scaleX&quot;:1,&quot;scaleY&quot;:1,&quot;angle&quot;:0,&quot;flipX&quot;:false,&quot;flipY&quot;:false,&quot;opacity&quot;:1,&quot;shadow&quot;:null,&quot;visible&quot;:true,&quot;backgroundColor&quot;:&quot;&quot;,&quot;fillRule&quot;:&quot;nonzero&quot;,&quot;paintFirst&quot;:&quot;fill&quot;,&quot;globalCompositeOperation&quot;:&quot;source-over&quot;,&quot;skewX&quot;:0,&quot;skewY&quot;:0,&quot;path&quot;:[[&quot;M&quot;,503.996,31.996],[&quot;Q&quot;,504,32,504.5,32],[&quot;Q&quot;,505,32,506,32.5],[&quot;Q&quot;,507,33,507.5,33],[&quot;Q&quot;,508,33,509,34],[&quot;Q&quot;,510,35,510.5,35.5],[&quot;Q&quot;,511,36,511.5,36],[&quot;Q&quot;,512,36,512.5,36],[&quot;Q&quot;,513,36,513.5,36.5],[&quot;Q&quot;,514,37,514.5,37],[&quot;Q&quot;,515,37,515,37.5],[&quot;Q&quot;,515,38,516,38.5],[&quot;Q&quot;,517,39,517.5,40],[&quot;Q&quot;,518,41,518.5,41.5],[&quot;Q&quot;,519,42,519,42.5],[&quot;Q&quot;,519,43,519.5,43],[&quot;Q&quot;,520,43,520.5,44],[&quot;Q&quot;,521,45,521.5,45.5],[&quot;Q&quot;,522,46,522.5,47.5],[&quot;Q&quot;,523,49,523.5,49],[&quot;Q&quot;,524,49,525,50.5],[&quot;Q&quot;,526,52,526.5,53],[&quot;Q&quot;,527,54,527,54.5],[&quot;Q&quot;,527,55,527,55.5],[&quot;Q&quot;,527,56,527,55.5],[&quot;Q&quot;,527,55,526.5,55],[&quot;Q&quot;,526,55,525.5,55],[&quot;Q&quot;,525,55,524.5,55],[&quot;Q&quot;,524,55,523,55],[&quot;Q&quot;,522,55,521.5,55],[&quot;Q&quot;,521,55,520.5,55],[&quot;Q&quot;,520,55,519.5,55.5],[&quot;Q&quot;,519,56,518.5,56],[&quot;Q&quot;,518,56,516.5,56.5],[&quot;Q&quot;,515,57,514.5,57.5],[&quot;Q&quot;,514,58,513,58],[&quot;Q&quot;,512,58,511.5,58],[&quot;Q&quot;,511,58,511,58.5],[&quot;Q&quot;,511,59,510.5,59],[&quot;Q&quot;,510,59,509,59.5],[&quot;Q&quot;,508,60,507.5,61],[&quot;Q&quot;,507,62,506.5,62],[&quot;Q&quot;,506,62,505,62.5],[&quot;Q&quot;,504,63,503.5,63.5],[&quot;Q&quot;,503,64,502.5,64],[&quot;Q&quot;,502,64,502,64.5],[&quot;Q&quot;,502,65,501.5,65.5],[&quot;Q&quot;,501,66,500.5,66],[&quot;Q&quot;,500,66,500,66.5],[&quot;Q&quot;,500,67,499,68],[&quot;L&quot;,497.996,69.004]]}],&quot;background&quot;:&quot;#ffffff&quot;}","s_number":"99","page_comments":""}],"catalogs":[]}}