{"item_type":"4","item_name":"\u8868\u683c\u793a\u4f8b","item_description":"","password":"","pages":{"pages":[{"page_title":"\u8868\u683c\u793a\u4f8b","cat_id":"0","page_content":"[{\"name\":\"\u670d\u52a1\u57fa\u5c42\u9879\u76ee\u4eba\u5458\u5b9a\u5411\u62db\u5f55\u804c\u4f4d\u62a5\u540d\u60c5\u51b5\u4e00\u89c8\u8868\",\"freeze\":\"A1\",\"styles\":[{\"align\":\"center\"},{\"font\":{\"bold\":true}},{\"font\":{\"bold\":true},\"align\":\"center\"},{\"font\":{\"bold\":true},\"align\":\"center\",\"border\":{\"bottom\":[\"thin\",\"#000\"],\"top\":[\"thin\",\"#000\"],\"left\":[\"thin\",\"#000\"],\"right\":[\"thin\",\"#000\"]}},{\"font\":{\"bold\":true},\"border\":{\"bottom\":[\"thin\",\"#000\"],\"top\":[\"thin\",\"#000\"],\"left\":[\"thin\",\"#000\"],\"right\":[\"thin\",\"#000\"]}},{\"align\":\"center\",\"border\":{\"bottom\":[\"thin\",\"#000\"],\"top\":[\"thin\",\"#000\"],\"left\":[\"thin\",\"#000\"],\"right\":[\"thin\",\"#000\"]}},{\"border\":{\"bottom\":[\"thin\",\"#000\"],\"top\":[\"thin\",\"#000\"],\"left\":[\"thin\",\"#000\"],\"right\":[\"thin\",\"#000\"]}}],\"merges\":[\"A2:A6\",\"A7:A9\",\"A10:A16\",\"A17:A22\",\"A23:A27\",\"A28:A32\",\"A33:A35\"],\"rows\":{\"0\":{\"cells\":{\"0\":{\"text\":\"\u533a\u57df\",\"style\":3},\"1\":{\"text\":\"\u7701\/\u5e02\",\"style\":3},\"2\":{\"text\":\"\u7528\u6237\u91cf\",\"style\":3},\"3\":{},\"4\":{},\"5\":{},\"6\":{},\"7\":{},\"8\":{},\"9\":{},\"10\":{},\"11\":{}}},\"1\":{\"cells\":{\"0\":{\"merge\":[4,0],\"text\":\"\u534e\u5317\",\"style\":5},\"1\":{\"text\":\"\u5317\u4eac\u5e02\",\"style\":5},\"2\":{\"text\":\"10000\",\"style\":5},\"3\":{},\"4\":{},\"5\":{},\"6\":{},\"7\":{},\"8\":{},\"9\":{},\"11\":{}}},\"2\":{\"cells\":{\"0\":{\"style\":0},\"1\":{\"text\":\"\u5929\u6d25\u5e02\",\"style\":5},\"2\":{\"text\":\"10001\",\"style\":5},\"3\":{},\"4\":{},\"5\":{},\"6\":{},\"7\":{},\"8\":{},\"9\":{},\"11\":{}}},\"3\":{\"cells\":{\"0\":{\"style\":0},\"1\":{\"text\":\"\u6cb3\u5317\u7701\",\"style\":5},\"2\":{\"text\":\"10002\",\"style\":5},\"3\":{},\"4\":{},\"5\":{},\"6\":{},\"7\":{},\"8\":{},\"9\":{},\"11\":{}}},\"4\":{\"cells\":{\"0\":{\"style\":0},\"1\":{\"text\":\"\u5c71\u897f\u7701\",\"style\":5},\"2\":{\"text\":\"10003\",\"style\":5},\"3\":{},\"4\":{},\"5\":{\"text\":\"\"},\"6\":{},\"7\":{},\"8\":{},\"9\":{},\"11\":{}}},\"5\":{\"cells\":{\"0\":{\"style\":0},\"1\":{\"text\":\"\u5185\u8499\u53e4\u81ea\u6cbb\u533a\",\"style\":5},\"2\":{\"text\":\"10004\",\"style\":5},\"3\":{},\"4\":{},\"5\":{},\"6\":{},\"7\":{},\"8\":{},\"9\":{},\"11\":{}}},\"6\":{\"cells\":{\"0\":{\"text\":\"\u4e1c\u5317\",\"merge\":[2,0],\"style\":5},\"1\":{\"text\":\"\u8fbd\u5b81\u7701\",\"style\":5},\"2\":{\"text\":\"10005\",\"style\":5},\"3\":{},\"4\":{},\"5\":{},\"6\":{},\"7\":{},\"8\":{},\"9\":{},\"11\":{}}},\"7\":{\"cells\":{\"0\":{\"style\":0},\"1\":{\"text\":\"\u5409\u6797\u7701\",\"style\":5},\"2\":{\"text\":\"10006\",\"style\":5},\"3\":{},\"4\":{},\"5\":{},\"6\":{},\"7\":{},\"8\":{},\"9\":{},\"11\":{}}},\"8\":{\"cells\":{\"0\":{\"style\":0},\"1\":{\"text\":\"\u9ed1\u9f99\u6c5f\u7701\",\"style\":5},\"2\":{\"text\":\"10007\",\"style\":5},\"3\":{},\"4\":{},\"5\":{},\"6\":{},\"7\":{},\"8\":{},\"9\":{},\"11\":{}}},\"9\":{\"cells\":{\"0\":{\"text\":\"\u534e\u4e1c\",\"merge\":[6,0],\"style\":5},\"1\":{\"text\":\"\u4e0a\u6d77\u5e02\",\"style\":5},\"2\":{\"text\":\"10008\",\"style\":5},\"3\":{},\"4\":{},\"5\":{},\"6\":{},\"7\":{},\"8\":{},\"9\":{},\"11\":{}}},\"10\":{\"cells\":{\"0\":{\"style\":0},\"1\":{\"text\":\"\u6c5f\u82cf\u7701\",\"style\":5},\"2\":{\"text\":\"10009\",\"style\":5},\"3\":{},\"4\":{},\"5\":{},\"6\":{},\"7\":{},\"8\":{},\"9\":{},\"11\":{}}},\"11\":{\"cells\":{\"0\":{\"style\":0},\"1\":{\"text\":\"\u6d59\u6c5f\u7701\",\"style\":5},\"2\":{\"text\":\"10010\",\"style\":5},\"3\":{},\"4\":{},\"5\":{},\"6\":{},\"7\":{},\"8\":{},\"9\":{},\"11\":{}}},\"12\":{\"cells\":{\"0\":{\"style\":0},\"1\":{\"text\":\"\u5b89\u5fbd\u7701\",\"style\":5},\"2\":{\"text\":\"10011\",\"style\":5},\"3\":{},\"4\":{},\"5\":{},\"6\":{},\"7\":{},\"8\":{},\"9\":{},\"11\":{}}},\"13\":{\"cells\":{\"0\":{\"style\":0},\"1\":{\"text\":\"\u798f\u5efa\u7701\",\"style\":5},\"2\":{\"text\":\"10012\",\"style\":5},\"3\":{},\"4\":{},\"5\":{},\"6\":{},\"7\":{},\"8\":{},\"9\":{},\"10\":{},\"11\":{}}},\"14\":{\"cells\":{\"0\":{\"style\":0},\"1\":{\"text\":\"\u6c5f\u897f\u7701\",\"style\":5},\"2\":{\"text\":\"10013\",\"style\":5},\"3\":{},\"4\":{},\"5\":{},\"6\":{},\"7\":{},\"8\":{},\"9\":{},\"10\":{},\"11\":{}}},\"15\":{\"cells\":{\"0\":{\"style\":0},\"1\":{\"text\":\"\u5c71\u4e1c\u7701\",\"style\":5},\"2\":{\"text\":\"10014\",\"style\":5},\"3\":{},\"4\":{},\"5\":{},\"6\":{},\"7\":{},\"8\":{},\"9\":{},\"10\":{},\"11\":{}}},\"16\":{\"cells\":{\"0\":{\"text\":\"\u4e2d\u5357\",\"merge\":[5,0],\"style\":5},\"1\":{\"text\":\"\u6cb3\u5357\u7701\",\"style\":5},\"2\":{\"text\":\"10015\",\"style\":5},\"3\":{},\"4\":{},\"5\":{},\"6\":{},\"7\":{},\"8\":{},\"9\":{},\"10\":{},\"11\":{}}},\"17\":{\"cells\":{\"0\":{\"style\":0},\"1\":{\"text\":\"\u6e56\u5317\u7701\",\"style\":5},\"2\":{\"text\":\"10016\",\"style\":5},\"3\":{},\"4\":{},\"5\":{},\"6\":{},\"7\":{},\"8\":{},\"9\":{},\"10\":{},\"11\":{}}},\"18\":{\"cells\":{\"0\":{\"style\":0},\"1\":{\"text\":\"\u6e56\u5357\u7701\",\"style\":5},\"2\":{\"text\":\"10017\",\"style\":5},\"3\":{},\"4\":{},\"5\":{},\"6\":{},\"7\":{},\"8\":{},\"9\":{},\"10\":{},\"11\":{}}},\"19\":{\"cells\":{\"0\":{\"style\":0},\"1\":{\"text\":\"\u5e7f\u4e1c\u7701\",\"style\":5},\"2\":{\"text\":\"10018\",\"style\":5},\"3\":{},\"4\":{},\"5\":{},\"6\":{},\"7\":{},\"8\":{},\"9\":{},\"10\":{},\"11\":{}}},\"20\":{\"cells\":{\"0\":{\"style\":0},\"1\":{\"text\":\"\u5e7f\u897f\u58ee\u65cf\u81ea\u6cbb\u533a\",\"style\":5},\"2\":{\"text\":\"10019\",\"style\":5},\"3\":{},\"4\":{},\"5\":{},\"6\":{},\"7\":{},\"8\":{},\"9\":{},\"10\":{},\"11\":{}}},\"21\":{\"cells\":{\"0\":{\"style\":0},\"1\":{\"text\":\"\u6d77\u5357\u7701\",\"style\":5},\"2\":{\"text\":\"10020\",\"style\":5},\"3\":{},\"4\":{},\"5\":{},\"6\":{},\"7\":{},\"8\":{},\"9\":{},\"10\":{},\"11\":{}}},\"22\":{\"cells\":{\"0\":{\"text\":\"\u897f\u5357\",\"merge\":[4,0],\"style\":5},\"1\":{\"text\":\"\u91cd\u5e86\u5e02\",\"style\":5},\"2\":{\"text\":\"10021\",\"style\":5},\"3\":{},\"4\":{},\"5\":{},\"6\":{},\"7\":{},\"8\":{},\"9\":{},\"10\":{},\"11\":{}}},\"23\":{\"cells\":{\"0\":{\"style\":0},\"1\":{\"text\":\"\u56db\u5ddd\u7701\",\"style\":5},\"2\":{\"text\":\"10022\",\"style\":5},\"3\":{},\"4\":{},\"5\":{},\"6\":{},\"7\":{},\"8\":{},\"9\":{},\"10\":{},\"11\":{}}},\"24\":{\"cells\":{\"0\":{\"style\":0},\"1\":{\"text\":\"\u8d35\u5dde\u7701\",\"style\":5},\"2\":{\"text\":\"10023\",\"style\":5},\"3\":{},\"4\":{},\"5\":{},\"6\":{},\"7\":{},\"8\":{},\"9\":{},\"10\":{},\"11\":{}}},\"25\":{\"cells\":{\"0\":{\"style\":0},\"1\":{\"text\":\"\u4e91\u5357\u7701\",\"style\":5},\"2\":{\"text\":\"10024\",\"style\":5},\"3\":{},\"4\":{},\"5\":{},\"6\":{},\"7\":{},\"8\":{},\"9\":{},\"10\":{},\"11\":{}}},\"26\":{\"cells\":{\"0\":{\"style\":0},\"1\":{\"text\":\"\u897f\u85cf\u81ea\u6cbb\u533a\",\"style\":5},\"2\":{\"text\":\"10025\",\"style\":5},\"3\":{},\"4\":{},\"5\":{},\"6\":{},\"7\":{},\"8\":{},\"9\":{},\"10\":{},\"11\":{}}},\"27\":{\"cells\":{\"0\":{\"text\":\"\u897f\u5317\",\"merge\":[4,0],\"style\":5},\"1\":{\"text\":\"\u9655\u897f\u7701\",\"style\":5},\"2\":{\"text\":\"10026\",\"style\":5},\"3\":{},\"4\":{},\"5\":{},\"6\":{},\"7\":{},\"8\":{},\"9\":{},\"10\":{},\"11\":{}}},\"28\":{\"cells\":{\"0\":{\"style\":0},\"1\":{\"text\":\"\u7518\u8083\u7701\",\"style\":5},\"2\":{\"text\":\"10027\",\"style\":5},\"3\":{},\"4\":{},\"5\":{},\"6\":{},\"7\":{},\"8\":{},\"9\":{},\"10\":{},\"11\":{}}},\"29\":{\"cells\":{\"0\":{\"style\":0},\"1\":{\"text\":\"\u9752\u6d77\u7701\",\"style\":5},\"2\":{\"text\":\"10028\",\"style\":5},\"3\":{},\"4\":{},\"5\":{},\"6\":{},\"7\":{},\"8\":{},\"9\":{},\"10\":{},\"11\":{}}},\"30\":{\"cells\":{\"0\":{\"style\":0},\"1\":{\"text\":\"\u5b81\u590f\u56de\u65cf\u81ea\u6cbb\u533a\",\"style\":5},\"2\":{\"text\":\"10029\",\"style\":5},\"3\":{},\"4\":{},\"5\":{},\"6\":{},\"7\":{},\"8\":{},\"9\":{},\"10\":{},\"11\":{}}},\"31\":{\"cells\":{\"0\":{\"style\":0},\"1\":{\"text\":\"\u65b0\u7586\u7ef4\u543e\u5c14\u81ea\u6cbb\u533a\",\"style\":5},\"2\":{\"text\":\"10030\",\"style\":5},\"3\":{},\"4\":{},\"5\":{},\"6\":{},\"7\":{},\"8\":{},\"9\":{},\"10\":{},\"11\":{}}},\"32\":{\"cells\":{\"0\":{\"text\":\"\u6e2f\u6fb3\u53f0\",\"merge\":[2,0],\"style\":5},\"1\":{\"text\":\"\u9999\u6e2f\u7279\u522b\u884c\u653f\u533a\",\"style\":5},\"2\":{\"text\":\"10031\",\"style\":5},\"3\":{},\"4\":{},\"5\":{},\"6\":{},\"7\":{},\"8\":{},\"9\":{},\"10\":{},\"11\":{}}},\"33\":{\"cells\":{\"0\":{\"style\":0},\"1\":{\"text\":\"\u6fb3\u95e8\u7279\u522b\u884c\u653f\u533a\",\"style\":5},\"2\":{\"text\":\"10032\",\"style\":5},\"3\":{},\"4\":{},\"5\":{},\"6\":{},\"7\":{},\"8\":{},\"9\":{},\"10\":{},\"11\":{}}},\"34\":{\"cells\":{\"0\":{\"style\":0},\"1\":{\"text\":\"\u53f0\u6e7e\u7701\",\"style\":5},\"2\":{\"text\":\"10033\",\"style\":5},\"3\":{},\"4\":{},\"5\":{},\"6\":{},\"7\":{},\"8\":{},\"9\":{},\"10\":{},\"11\":{}}},\"35\":{\"cells\":{\"0\":{},\"1\":{\"style\":0},\"2\":{\"style\":0},\"3\":{},\"4\":{},\"5\":{},\"6\":{},\"7\":{},\"8\":{},\"9\":{},\"10\":{},\"11\":{}}},\"36\":{\"cells\":{\"0\":{},\"1\":{\"style\":0},\"2\":{\"style\":0},\"3\":{},\"4\":{},\"5\":{},\"6\":{},\"7\":{},\"8\":{},\"9\":{},\"10\":{},\"11\":{}}},\"37\":{\"cells\":{\"0\":{},\"1\":{\"style\":0},\"2\":{\"style\":0},\"3\":{},\"4\":{},\"5\":{},\"6\":{},\"7\":{},\"8\":{},\"9\":{},\"10\":{},\"11\":{}}},\"38\":{\"cells\":{\"0\":{},\"1\":{\"style\":0},\"2\":{\"style\":0},\"3\":{},\"4\":{},\"5\":{},\"6\":{},\"7\":{},\"8\":{},\"9\":{},\"10\":{},\"11\":{}}},\"39\":{\"cells\":{\"0\":{},\"1\":{\"style\":0},\"2\":{\"style\":0},\"3\":{},\"4\":{},\"5\":{},\"6\":{},\"7\":{},\"8\":{},\"9\":{},\"10\":{},\"11\":{}}},\"40\":{\"cells\":{\"0\":{},\"1\":{\"style\":0},\"2\":{\"style\":0},\"3\":{},\"4\":{},\"5\":{},\"6\":{},\"7\":{},\"8\":{},\"9\":{},\"10\":{},\"11\":{}}},\"41\":{\"cells\":{\"0\":{},\"1\":{\"style\":0},\"2\":{\"style\":0},\"3\":{},\"4\":{},\"5\":{},\"6\":{},\"7\":{},\"8\":{},\"9\":{},\"10\":{},\"11\":{}}},\"42\":{\"cells\":{\"0\":{},\"1\":{\"style\":0},\"2\":{\"style\":0},\"3\":{},\"4\":{},\"5\":{},\"6\":{},\"7\":{},\"8\":{},\"9\":{},\"10\":{},\"11\":{}}},\"43\":{\"cells\":{\"0\":{},\"1\":{\"style\":0},\"2\":{\"style\":0},\"3\":{},\"4\":{},\"5\":{},\"6\":{},\"7\":{},\"8\":{},\"9\":{},\"10\":{},\"11\":{}}},\"44\":{\"cells\":{\"0\":{},\"1\":{\"style\":0},\"2\":{\"style\":0},\"3\":{},\"4\":{},\"5\":{},\"6\":{},\"7\":{},\"8\":{},\"9\":{},\"10\":{},\"11\":{}}},\"45\":{\"cells\":{\"0\":{},\"1\":{\"style\":0},\"2\":{\"style\":0},\"3\":{},\"4\":{},\"5\":{},\"6\":{},\"7\":{},\"8\":{},\"9\":{},\"10\":{},\"11\":{}}},\"46\":{\"cells\":{\"0\":{},\"1\":{\"style\":0},\"2\":{\"style\":0},\"3\":{},\"4\":{},\"5\":{},\"6\":{},\"7\":{},\"8\":{},\"9\":{},\"10\":{},\"11\":{}}},\"47\":{\"cells\":{\"0\":{},\"1\":{\"style\":0},\"2\":{\"style\":0},\"3\":{},\"4\":{},\"5\":{},\"6\":{},\"7\":{},\"8\":{},\"9\":{},\"10\":{},\"11\":{}}},\"48\":{\"cells\":{\"0\":{},\"1\":{\"style\":0},\"2\":{\"style\":0},\"3\":{},\"4\":{},\"5\":{},\"6\":{},\"7\":{},\"8\":{},\"9\":{},\"10\":{},\"11\":{}}},\"49\":{\"cells\":{\"0\":{},\"1\":{\"style\":0},\"2\":{\"style\":0},\"3\":{},\"4\":{},\"5\":{},\"6\":{},\"7\":{},\"8\":{},\"9\":{},\"10\":{},\"11\":{}}},\"50\":{\"cells\":{\"0\":{},\"1\":{\"style\":0},\"2\":{\"style\":0},\"3\":{},\"4\":{},\"5\":{},\"6\":{},\"7\":{},\"8\":{},\"9\":{},\"10\":{},\"11\":{}}},\"51\":{\"cells\":{\"0\":{},\"1\":{\"style\":0},\"2\":{\"style\":0},\"3\":{},\"4\":{},\"5\":{},\"6\":{},\"7\":{},\"8\":{},\"9\":{},\"10\":{},\"11\":{}}},\"52\":{\"cells\":{\"0\":{},\"1\":{\"style\":0},\"2\":{\"style\":0},\"3\":{},\"4\":{},\"5\":{},\"6\":{},\"7\":{},\"8\":{},\"9\":{},\"10\":{},\"11\":{}}},\"53\":{\"cells\":{\"0\":{},\"1\":{\"style\":0},\"2\":{\"style\":0},\"3\":{},\"4\":{},\"5\":{},\"6\":{},\"7\":{},\"8\":{},\"9\":{},\"10\":{},\"11\":{}}},\"54\":{\"cells\":{\"0\":{},\"1\":{\"style\":0},\"2\":{\"style\":0},\"3\":{},\"4\":{},\"5\":{},\"6\":{},\"7\":{},\"8\":{},\"9\":{},\"10\":{},\"11\":{}}},\"55\":{\"cells\":{\"0\":{},\"1\":{\"style\":0},\"2\":{\"style\":0},\"3\":{},\"4\":{},\"5\":{},\"6\":{},\"7\":{},\"8\":{},\"9\":{},\"10\":{},\"11\":{}}},\"56\":{\"cells\":{\"0\":{},\"1\":{\"style\":0},\"2\":{\"style\":0},\"3\":{},\"4\":{},\"5\":{},\"6\":{},\"7\":{},\"8\":{},\"9\":{},\"10\":{},\"11\":{}}},\"57\":{\"cells\":{\"0\":{},\"1\":{\"style\":0},\"2\":{\"style\":0},\"3\":{},\"4\":{},\"5\":{},\"6\":{},\"7\":{},\"8\":{},\"9\":{},\"10\":{},\"11\":{}}},\"58\":{\"cells\":{\"0\":{},\"1\":{\"style\":0},\"2\":{\"style\":0},\"3\":{},\"4\":{},\"5\":{},\"6\":{},\"7\":{},\"8\":{},\"9\":{},\"10\":{},\"11\":{}}},\"59\":{\"cells\":{\"0\":{},\"1\":{\"style\":0},\"2\":{\"style\":0},\"3\":{},\"4\":{},\"5\":{},\"6\":{},\"7\":{},\"8\":{},\"9\":{},\"10\":{},\"11\":{}}},\"60\":{\"cells\":{\"0\":{},\"1\":{\"style\":0},\"2\":{\"style\":0},\"3\":{},\"4\":{},\"5\":{},\"6\":{},\"7\":{},\"8\":{},\"9\":{},\"10\":{},\"11\":{}}},\"61\":{\"cells\":{\"0\":{},\"1\":{\"style\":0},\"2\":{\"style\":0},\"3\":{},\"4\":{},\"5\":{},\"6\":{},\"7\":{},\"8\":{},\"9\":{},\"10\":{},\"11\":{}}},\"62\":{\"cells\":{\"0\":{},\"1\":{\"style\":0},\"2\":{\"style\":0},\"3\":{},\"4\":{},\"5\":{},\"6\":{},\"7\":{},\"8\":{},\"9\":{},\"10\":{},\"11\":{}}},\"63\":{\"cells\":{\"0\":{},\"1\":{\"style\":0},\"2\":{\"style\":0},\"3\":{},\"4\":{},\"5\":{},\"6\":{},\"7\":{},\"8\":{},\"9\":{},\"10\":{},\"11\":{}}},\"64\":{\"cells\":{\"0\":{},\"1\":{\"style\":0},\"2\":{\"style\":0},\"3\":{},\"4\":{},\"5\":{},\"6\":{},\"7\":{},\"8\":{},\"9\":{},\"10\":{},\"11\":{}}},\"65\":{\"cells\":{\"0\":{},\"1\":{\"style\":0},\"2\":{\"style\":0},\"3\":{},\"4\":{},\"5\":{},\"6\":{},\"7\":{},\"8\":{},\"9\":{},\"10\":{},\"11\":{}}},\"66\":{\"cells\":{\"0\":{},\"1\":{\"style\":0},\"2\":{\"style\":0},\"3\":{},\"4\":{},\"5\":{},\"6\":{},\"7\":{},\"8\":{},\"9\":{},\"10\":{},\"11\":{}}},\"67\":{\"cells\":{\"0\":{},\"1\":{\"style\":0},\"2\":{\"style\":0},\"3\":{},\"4\":{},\"5\":{},\"6\":{},\"7\":{},\"8\":{},\"9\":{},\"10\":{},\"11\":{}}},\"68\":{\"cells\":{\"0\":{},\"1\":{\"style\":0},\"2\":{\"style\":0},\"3\":{},\"4\":{},\"5\":{},\"6\":{},\"7\":{},\"8\":{},\"9\":{},\"10\":{},\"11\":{}}},\"69\":{\"cells\":{\"0\":{},\"1\":{\"style\":0},\"2\":{\"style\":0},\"3\":{},\"4\":{},\"5\":{},\"6\":{},\"7\":{},\"8\":{},\"9\":{},\"10\":{},\"11\":{}}},\"70\":{\"cells\":{\"0\":{},\"1\":{\"style\":0},\"2\":{\"style\":0},\"3\":{},\"4\":{},\"5\":{},\"6\":{},\"7\":{},\"8\":{},\"9\":{},\"10\":{},\"11\":{}}},\"71\":{\"cells\":{\"0\":{},\"1\":{\"style\":0},\"2\":{\"style\":0},\"3\":{},\"4\":{},\"5\":{},\"6\":{},\"7\":{},\"8\":{},\"9\":{},\"10\":{},\"11\":{}}},\"72\":{\"cells\":{\"0\":{},\"1\":{\"style\":0},\"2\":{\"style\":0},\"3\":{},\"4\":{},\"5\":{},\"6\":{},\"7\":{},\"8\":{},\"9\":{},\"10\":{},\"11\":{}}},\"73\":{\"cells\":{\"0\":{},\"1\":{\"style\":0},\"2\":{\"style\":0},\"3\":{},\"4\":{},\"5\":{},\"6\":{},\"7\":{},\"8\":{},\"9\":{},\"10\":{},\"11\":{}}},\"74\":{\"cells\":{\"0\":{},\"1\":{\"style\":0},\"2\":{\"style\":0},\"3\":{},\"4\":{},\"5\":{},\"6\":{},\"7\":{},\"8\":{},\"9\":{},\"10\":{},\"11\":{}}},\"75\":{\"cells\":{\"0\":{},\"1\":{\"style\":0},\"2\":{\"style\":0},\"3\":{},\"4\":{},\"5\":{},\"6\":{},\"7\":{},\"8\":{},\"9\":{},\"10\":{},\"11\":{}}},\"76\":{\"cells\":{\"0\":{},\"1\":{\"style\":0},\"2\":{\"style\":0},\"3\":{},\"4\":{},\"5\":{},\"6\":{},\"7\":{},\"8\":{},\"9\":{},\"10\":{},\"11\":{}}},\"77\":{\"cells\":{\"0\":{},\"1\":{\"style\":0},\"2\":{\"style\":0},\"3\":{},\"4\":{},\"5\":{},\"6\":{},\"7\":{},\"8\":{},\"9\":{},\"10\":{},\"11\":{}}},\"78\":{\"cells\":{\"0\":{},\"1\":{\"style\":0},\"2\":{\"style\":0},\"3\":{},\"4\":{},\"5\":{},\"6\":{},\"7\":{},\"8\":{},\"9\":{},\"10\":{},\"11\":{}}},\"79\":{\"cells\":{\"0\":{},\"1\":{\"style\":0},\"2\":{\"style\":0},\"3\":{},\"4\":{},\"5\":{},\"6\":{},\"7\":{},\"8\":{},\"9\":{},\"10\":{},\"11\":{}}},\"80\":{\"cells\":{\"0\":{},\"1\":{\"style\":0},\"2\":{\"style\":0},\"3\":{},\"4\":{},\"5\":{},\"6\":{},\"7\":{},\"8\":{},\"9\":{},\"10\":{},\"11\":{}}},\"81\":{\"cells\":{\"0\":{},\"1\":{\"style\":0},\"2\":{\"style\":0},\"3\":{},\"4\":{},\"5\":{},\"6\":{},\"7\":{},\"8\":{},\"9\":{},\"10\":{},\"11\":{}}},\"82\":{\"cells\":{\"0\":{},\"1\":{\"style\":0},\"2\":{\"style\":0},\"3\":{},\"4\":{},\"5\":{},\"6\":{},\"7\":{},\"8\":{},\"9\":{},\"10\":{},\"11\":{}}},\"83\":{\"cells\":{\"0\":{},\"1\":{\"style\":0},\"2\":{\"style\":0},\"3\":{},\"4\":{},\"5\":{},\"6\":{},\"7\":{},\"8\":{},\"9\":{},\"10\":{},\"11\":{}}},\"84\":{\"cells\":{\"0\":{},\"1\":{\"style\":0},\"2\":{\"style\":0},\"3\":{},\"4\":{},\"5\":{},\"6\":{},\"7\":{},\"8\":{},\"9\":{},\"10\":{},\"11\":{}}},\"85\":{\"cells\":{\"0\":{},\"1\":{\"style\":0},\"2\":{\"style\":0},\"3\":{},\"4\":{},\"5\":{},\"6\":{},\"7\":{},\"8\":{},\"9\":{},\"10\":{},\"11\":{}}},\"86\":{\"cells\":{\"0\":{},\"1\":{\"style\":0},\"2\":{\"style\":0},\"3\":{},\"4\":{},\"5\":{},\"6\":{},\"7\":{},\"8\":{},\"9\":{},\"10\":{},\"11\":{}}},\"87\":{\"cells\":{\"0\":{},\"1\":{\"style\":0},\"2\":{\"style\":0},\"3\":{},\"4\":{},\"5\":{},\"6\":{},\"7\":{},\"8\":{},\"9\":{},\"10\":{},\"11\":{}}},\"88\":{\"cells\":{\"0\":{},\"1\":{\"style\":0},\"2\":{\"style\":0},\"3\":{},\"4\":{},\"5\":{},\"6\":{},\"7\":{},\"8\":{},\"9\":{},\"10\":{},\"11\":{}}},\"89\":{\"cells\":{\"0\":{},\"1\":{\"style\":0},\"2\":{\"style\":0},\"3\":{},\"4\":{},\"5\":{},\"6\":{},\"7\":{},\"8\":{},\"9\":{},\"10\":{},\"11\":{}}},\"90\":{\"cells\":{\"0\":{},\"1\":{\"style\":0},\"2\":{\"style\":0},\"3\":{},\"4\":{},\"5\":{},\"6\":{},\"7\":{},\"8\":{},\"9\":{},\"10\":{},\"11\":{}}},\"91\":{\"cells\":{\"0\":{},\"1\":{\"style\":0},\"2\":{\"style\":0},\"3\":{},\"4\":{},\"5\":{},\"6\":{},\"7\":{},\"8\":{},\"9\":{},\"10\":{},\"11\":{}}},\"92\":{\"cells\":{\"0\":{},\"1\":{\"style\":0},\"2\":{\"style\":0},\"3\":{},\"4\":{},\"5\":{},\"6\":{},\"7\":{},\"8\":{},\"9\":{},\"10\":{},\"11\":{}}},\"93\":{\"cells\":{\"0\":{},\"1\":{\"style\":0},\"2\":{\"style\":0},\"3\":{},\"4\":{},\"5\":{},\"6\":{},\"7\":{},\"8\":{},\"9\":{},\"10\":{},\"11\":{}}},\"94\":{\"cells\":{\"0\":{},\"1\":{\"style\":0},\"2\":{\"style\":0},\"3\":{},\"4\":{},\"5\":{},\"6\":{},\"7\":{},\"8\":{},\"9\":{},\"10\":{},\"11\":{}}},\"95\":{\"cells\":{\"0\":{},\"1\":{\"style\":0},\"2\":{\"style\":0},\"3\":{},\"4\":{},\"5\":{},\"6\":{},\"7\":{},\"8\":{},\"9\":{},\"10\":{},\"11\":{}}},\"96\":{\"cells\":{\"0\":{},\"1\":{\"style\":0},\"2\":{\"style\":0},\"3\":{},\"4\":{},\"5\":{},\"6\":{},\"7\":{},\"8\":{},\"9\":{},\"10\":{},\"11\":{}}},\"97\":{\"cells\":{\"0\":{},\"1\":{\"style\":0},\"2\":{\"style\":0},\"3\":{},\"4\":{},\"5\":{},\"6\":{},\"7\":{},\"8\":{},\"9\":{},\"10\":{},\"11\":{}}},\"98\":{\"cells\":{\"0\":{},\"1\":{\"style\":0},\"2\":{\"style\":0},\"3\":{},\"4\":{},\"5\":{},\"6\":{},\"7\":{},\"8\":{},\"9\":{},\"10\":{},\"11\":{}}},\"99\":{\"cells\":{\"0\":{},\"1\":{\"style\":0},\"2\":{\"style\":0},\"3\":{},\"4\":{},\"5\":{},\"6\":{},\"7\":{},\"8\":{},\"9\":{},\"10\":{},\"11\":{}}},\"100\":{\"cells\":{\"0\":{},\"1\":{\"style\":0},\"2\":{\"style\":0},\"3\":{},\"4\":{},\"5\":{},\"6\":{},\"7\":{},\"8\":{},\"9\":{},\"10\":{},\"11\":{}}},\"101\":{\"cells\":{\"0\":{},\"1\":{\"style\":0},\"2\":{\"style\":0},\"3\":{},\"4\":{},\"5\":{},\"6\":{},\"7\":{},\"8\":{},\"9\":{},\"10\":{},\"11\":{}}},\"102\":{\"cells\":{\"0\":{},\"1\":{\"style\":0},\"2\":{\"style\":0},\"3\":{},\"4\":{},\"5\":{},\"6\":{},\"7\":{},\"8\":{},\"9\":{},\"10\":{},\"11\":{}}},\"103\":{\"cells\":{\"0\":{},\"1\":{\"style\":0},\"2\":{\"style\":0},\"3\":{},\"4\":{},\"5\":{},\"6\":{},\"7\":{},\"8\":{},\"9\":{},\"10\":{},\"11\":{}}},\"104\":{\"cells\":{\"0\":{},\"1\":{\"style\":0},\"2\":{\"style\":0},\"3\":{},\"4\":{},\"5\":{},\"6\":{},\"7\":{},\"8\":{},\"9\":{},\"10\":{},\"11\":{}}},\"105\":{\"cells\":{\"0\":{},\"1\":{\"style\":0},\"2\":{\"style\":0},\"3\":{},\"4\":{},\"5\":{},\"6\":{},\"7\":{},\"8\":{},\"9\":{},\"10\":{},\"11\":{}}},\"106\":{\"cells\":{\"0\":{},\"1\":{\"style\":0},\"2\":{\"style\":0},\"3\":{},\"4\":{},\"5\":{},\"6\":{},\"7\":{},\"8\":{},\"9\":{},\"10\":{},\"11\":{}}},\"107\":{\"cells\":{\"0\":{},\"1\":{\"style\":0},\"2\":{\"style\":0},\"3\":{},\"4\":{},\"5\":{},\"6\":{},\"7\":{},\"8\":{},\"9\":{},\"10\":{},\"11\":{}}},\"108\":{\"cells\":{\"0\":{},\"1\":{\"style\":0},\"2\":{\"style\":0},\"3\":{},\"4\":{},\"5\":{},\"6\":{},\"7\":{},\"8\":{},\"9\":{},\"10\":{},\"11\":{}}},\"109\":{\"cells\":{\"1\":{\"style\":0},\"2\":{\"style\":0}}},\"110\":{\"cells\":{\"1\":{\"style\":0},\"2\":{\"style\":0}}},\"111\":{\"cells\":{\"1\":{\"style\":0},\"2\":{\"style\":0}}},\"112\":{\"cells\":{\"1\":{\"style\":0},\"2\":{\"style\":0}}},\"113\":{\"cells\":{\"1\":{\"style\":0},\"2\":{\"style\":0}}},\"114\":{\"cells\":{\"1\":{\"style\":0},\"2\":{\"style\":0}}},\"115\":{\"cells\":{\"1\":{\"style\":0},\"2\":{\"style\":0}}},\"116\":{\"cells\":{\"1\":{\"style\":0},\"2\":{\"style\":0}}},\"117\":{\"cells\":{\"1\":{\"style\":0},\"2\":{\"style\":0}}},\"118\":{\"cells\":{\"1\":{\"style\":0},\"2\":{\"style\":0}}},\"119\":{\"cells\":{\"1\":{\"style\":0},\"2\":{\"style\":0}}},\"120\":{\"cells\":{\"1\":{\"style\":0},\"2\":{\"style\":0}}},\"121\":{\"cells\":{\"1\":{\"style\":0},\"2\":{\"style\":0}}},\"122\":{\"cells\":{\"1\":{\"style\":0},\"2\":{\"style\":0}}},\"123\":{\"cells\":{\"1\":{\"style\":0},\"2\":{\"style\":0}}},\"124\":{\"cells\":{\"1\":{\"style\":0},\"2\":{\"style\":0}}},\"125\":{\"cells\":{\"1\":{\"style\":0},\"2\":{\"style\":0}}},\"126\":{\"cells\":{\"1\":{\"style\":0},\"2\":{\"style\":0}}},\"127\":{\"cells\":{\"1\":{\"style\":0},\"2\":{\"style\":0}}},\"128\":{\"cells\":{\"1\":{\"style\":0},\"2\":{\"style\":0}}},\"129\":{\"cells\":{\"1\":{\"style\":0},\"2\":{\"style\":0}}},\"130\":{\"cells\":{\"1\":{\"style\":0},\"2\":{\"style\":0}}},\"131\":{\"cells\":{\"1\":{\"style\":0},\"2\":{\"style\":0}}},\"132\":{\"cells\":{\"1\":{\"style\":0},\"2\":{\"style\":0}}},\"133\":{\"cells\":{\"1\":{\"style\":0},\"2\":{\"style\":0}}},\"134\":{\"cells\":{\"1\":{\"style\":0},\"2\":{\"style\":0}}},\"135\":{\"cells\":{\"1\":{\"style\":0},\"2\":{\"style\":0}}},\"136\":{\"cells\":{\"1\":{\"style\":0},\"2\":{\"style\":0}}},\"137\":{\"cells\":{\"1\":{\"style\":0},\"2\":{\"style\":0}}},\"138\":{\"cells\":{\"1\":{\"style\":0},\"2\":{\"style\":0}}},\"139\":{\"cells\":{\"1\":{\"style\":0},\"2\":{\"style\":0}}},\"140\":{\"cells\":{\"1\":{\"style\":0},\"2\":{\"style\":0}}},\"141\":{\"cells\":{\"1\":{\"style\":0},\"2\":{\"style\":0}}},\"142\":{\"cells\":{\"1\":{\"style\":0},\"2\":{\"style\":0}}},\"143\":{\"cells\":{\"1\":{\"style\":0},\"2\":{\"style\":0}}},\"144\":{\"cells\":{\"1\":{\"style\":0},\"2\":{\"style\":0}}},\"145\":{\"cells\":{\"1\":{\"style\":0},\"2\":{\"style\":0}}},\"146\":{\"cells\":{\"1\":{\"style\":0},\"2\":{\"style\":0}}},\"147\":{\"cells\":{\"1\":{\"style\":0},\"2\":{\"style\":0}}},\"148\":{\"cells\":{\"1\":{\"style\":0},\"2\":{\"style\":0}}},\"149\":{\"cells\":{\"1\":{\"style\":0},\"2\":{\"style\":0}}},\"150\":{\"cells\":{\"1\":{\"style\":0},\"2\":{\"style\":0}}},\"151\":{\"cells\":{\"1\":{\"style\":0},\"2\":{\"style\":0}}},\"152\":{\"cells\":{\"1\":{\"style\":0},\"2\":{\"style\":0}}},\"153\":{\"cells\":{\"1\":{\"style\":0},\"2\":{\"style\":0}}},\"154\":{\"cells\":{\"1\":{\"style\":0},\"2\":{\"style\":0}}},\"155\":{\"cells\":{\"1\":{\"style\":0},\"2\":{\"style\":0}}},\"156\":{\"cells\":{\"1\":{\"style\":0},\"2\":{\"style\":0}}},\"157\":{\"cells\":{\"1\":{\"style\":0},\"2\":{\"style\":0}}},\"158\":{\"cells\":{\"1\":{\"style\":0},\"2\":{\"style\":0}}},\"159\":{\"cells\":{\"1\":{\"style\":0},\"2\":{\"style\":0}}},\"160\":{\"cells\":{\"1\":{\"style\":0},\"2\":{\"style\":0}}},\"161\":{\"cells\":{\"1\":{\"style\":0},\"2\":{\"style\":0}}},\"162\":{\"cells\":{\"1\":{\"style\":0},\"2\":{\"style\":0}}},\"163\":{\"cells\":{\"1\":{\"style\":0},\"2\":{\"style\":0}}},\"164\":{\"cells\":{\"1\":{\"style\":0},\"2\":{\"style\":0}}},\"165\":{\"cells\":{\"1\":{\"style\":0},\"2\":{\"style\":0}}},\"166\":{\"cells\":{\"1\":{\"style\":0},\"2\":{\"style\":0}}},\"167\":{\"cells\":{\"1\":{\"style\":0},\"2\":{\"style\":0}}},\"168\":{\"cells\":{\"1\":{\"style\":0},\"2\":{\"style\":0}}},\"169\":{\"cells\":{\"1\":{\"style\":0},\"2\":{\"style\":0}}},\"170\":{\"cells\":{\"1\":{\"style\":0},\"2\":{\"style\":0}}},\"171\":{\"cells\":{\"1\":{\"style\":0},\"2\":{\"style\":0}}},\"172\":{\"cells\":{\"1\":{\"style\":0},\"2\":{\"style\":0}}},\"173\":{\"cells\":{\"1\":{\"style\":0},\"2\":{\"style\":0}}},\"174\":{\"cells\":{\"1\":{\"style\":0},\"2\":{\"style\":0}}},\"175\":{\"cells\":{\"1\":{\"style\":0},\"2\":{\"style\":0}}},\"176\":{\"cells\":{\"1\":{\"style\":0},\"2\":{\"style\":0}}},\"177\":{\"cells\":{\"1\":{\"style\":0},\"2\":{\"style\":0}}},\"178\":{\"cells\":{\"1\":{\"style\":0},\"2\":{\"style\":0}}},\"179\":{\"cells\":{\"1\":{\"style\":0},\"2\":{\"style\":0}}},\"180\":{\"cells\":{\"1\":{\"style\":0},\"2\":{\"style\":0}}},\"181\":{\"cells\":{\"1\":{\"style\":0},\"2\":{\"style\":0}}},\"182\":{\"cells\":{\"1\":{\"style\":0},\"2\":{\"style\":0}}},\"183\":{\"cells\":{\"1\":{\"style\":0},\"2\":{\"style\":0}}},\"184\":{\"cells\":{\"1\":{\"style\":0},\"2\":{\"style\":0}}},\"185\":{\"cells\":{\"1\":{\"style\":0},\"2\":{\"style\":0}}},\"186\":{\"cells\":{\"1\":{\"style\":0},\"2\":{\"style\":0}}},\"187\":{\"cells\":{\"1\":{\"style\":0},\"2\":{\"style\":0}}},\"188\":{\"cells\":{\"1\":{\"style\":0},\"2\":{\"style\":0}}},\"189\":{\"cells\":{\"1\":{\"style\":0},\"2\":{\"style\":0}}},\"190\":{\"cells\":{\"1\":{\"style\":0},\"2\":{\"style\":0}}},\"191\":{\"cells\":{\"1\":{\"style\":0},\"2\":{\"style\":0}}},\"192\":{\"cells\":{\"1\":{\"style\":0},\"2\":{\"style\":0}}},\"193\":{\"cells\":{\"1\":{\"style\":0},\"2\":{\"style\":0}}},\"194\":{\"cells\":{\"1\":{\"style\":0},\"2\":{\"style\":0}}},\"195\":{\"cells\":{\"1\":{\"style\":0},\"2\":{\"style\":0}}},\"196\":{\"cells\":{\"1\":{\"style\":0},\"2\":{\"style\":0}}},\"197\":{\"cells\":{\"1\":{\"style\":0},\"2\":{\"style\":0}}},\"198\":{\"cells\":{\"1\":{\"style\":0},\"2\":{\"style\":0}}},\"199\":{\"cells\":{\"1\":{\"style\":0},\"2\":{\"style\":0}}},\"200\":{\"cells\":{\"1\":{\"style\":0},\"2\":{\"style\":0}}},\"201\":{\"cells\":{\"1\":{\"style\":0},\"2\":{\"style\":0}}},\"202\":{\"cells\":{\"1\":{\"style\":0},\"2\":{\"style\":0}}},\"203\":{\"cells\":{\"1\":{\"style\":0},\"2\":{\"style\":0}}},\"204\":{\"cells\":{\"1\":{\"style\":0},\"2\":{\"style\":0}}},\"205\":{\"cells\":{\"1\":{\"style\":0},\"2\":{\"style\":0}}},\"206\":{\"cells\":{\"1\":{\"style\":0},\"2\":{\"style\":0}}},\"207\":{\"cells\":{\"1\":{\"style\":0},\"2\":{\"style\":0}}},\"208\":{\"cells\":{\"1\":{\"style\":0},\"2\":{\"style\":0}}},\"209\":{\"cells\":{\"1\":{\"style\":0},\"2\":{\"style\":0}}},\"210\":{\"cells\":{\"1\":{\"style\":0},\"2\":{\"style\":0}}},\"211\":{\"cells\":{\"1\":{\"style\":0},\"2\":{\"style\":0}}},\"212\":{\"cells\":{\"1\":{\"style\":0},\"2\":{\"style\":0}}},\"213\":{\"cells\":{\"1\":{\"style\":0},\"2\":{\"style\":0}}},\"214\":{\"cells\":{\"1\":{\"style\":0},\"2\":{\"style\":0}}},\"215\":{\"cells\":{\"1\":{\"style\":0},\"2\":{\"style\":0}}},\"216\":{\"cells\":{\"1\":{\"style\":0},\"2\":{\"style\":0}}},\"217\":{\"cells\":{\"1\":{\"style\":0},\"2\":{\"style\":0}}},\"218\":{\"cells\":{\"1\":{\"style\":0},\"2\":{\"style\":0}}},\"219\":{\"cells\":{\"1\":{\"style\":0},\"2\":{\"style\":0}}},\"220\":{\"cells\":{\"1\":{\"style\":0},\"2\":{\"style\":0}}},\"221\":{\"cells\":{\"1\":{\"style\":0},\"2\":{\"style\":0}}},\"222\":{\"cells\":{\"1\":{\"style\":0},\"2\":{\"style\":0}}},\"223\":{\"cells\":{\"1\":{\"style\":0},\"2\":{\"style\":0}}},\"224\":{\"cells\":{\"1\":{\"style\":0},\"2\":{\"style\":0}}},\"225\":{\"cells\":{\"1\":{\"style\":0},\"2\":{\"style\":0}}},\"226\":{\"cells\":{\"1\":{\"style\":0},\"2\":{\"style\":0}}},\"227\":{\"cells\":{\"1\":{\"style\":0},\"2\":{\"style\":0}}},\"228\":{\"cells\":{\"1\":{\"style\":0},\"2\":{\"style\":0}}},\"229\":{\"cells\":{\"1\":{\"style\":0},\"2\":{\"style\":0}}},\"230\":{\"cells\":{\"1\":{\"style\":0},\"2\":{\"style\":0}}},\"231\":{\"cells\":{\"1\":{\"style\":0},\"2\":{\"style\":0}}},\"232\":{\"cells\":{\"1\":{\"style\":0},\"2\":{\"style\":0}}},\"233\":{\"cells\":{\"1\":{\"style\":0},\"2\":{\"style\":0}}},\"234\":{\"cells\":{\"1\":{\"style\":0},\"2\":{\"style\":0}}},\"235\":{\"cells\":{\"1\":{\"style\":0},\"2\":{\"style\":0}}},\"236\":{\"cells\":{\"1\":{\"style\":0},\"2\":{\"style\":0}}},\"237\":{\"cells\":{\"1\":{\"style\":0},\"2\":{\"style\":0}}},\"238\":{\"cells\":{\"1\":{\"style\":0},\"2\":{\"style\":0}}},\"239\":{\"cells\":{\"1\":{\"style\":0},\"2\":{\"style\":0}}},\"240\":{\"cells\":{\"1\":{\"style\":0},\"2\":{\"style\":0}}},\"241\":{\"cells\":{\"1\":{\"style\":0},\"2\":{\"style\":0}}},\"242\":{\"cells\":{\"1\":{\"style\":0},\"2\":{\"style\":0}}},\"243\":{\"cells\":{\"1\":{\"style\":0},\"2\":{\"style\":0}}},\"244\":{\"cells\":{\"1\":{\"style\":0},\"2\":{\"style\":0}}},\"245\":{\"cells\":{\"1\":{\"style\":0},\"2\":{\"style\":0}}},\"246\":{\"cells\":{\"1\":{\"style\":0},\"2\":{\"style\":0}}},\"247\":{\"cells\":{\"1\":{\"style\":0},\"2\":{\"style\":0}}},\"248\":{\"cells\":{\"1\":{\"style\":0},\"2\":{\"style\":0}}},\"249\":{\"cells\":{\"1\":{\"style\":0},\"2\":{\"style\":0}}},\"250\":{\"cells\":{\"1\":{\"style\":0},\"2\":{\"style\":0}}},\"251\":{\"cells\":{\"1\":{\"style\":0},\"2\":{\"style\":0}}},\"252\":{\"cells\":{\"1\":{\"style\":0},\"2\":{\"style\":0}}},\"253\":{\"cells\":{\"1\":{\"style\":0},\"2\":{\"style\":0}}},\"254\":{\"cells\":{\"1\":{\"style\":0},\"2\":{\"style\":0}}},\"255\":{\"cells\":{\"1\":{\"style\":0},\"2\":{\"style\":0}}},\"256\":{\"cells\":{\"1\":{\"style\":0},\"2\":{\"style\":0}}},\"257\":{\"cells\":{\"1\":{\"style\":0},\"2\":{\"style\":0}}},\"258\":{\"cells\":{\"1\":{\"style\":0},\"2\":{\"style\":0}}},\"259\":{\"cells\":{\"1\":{\"style\":0},\"2\":{\"style\":0}}},\"260\":{\"cells\":{\"1\":{\"style\":0},\"2\":{\"style\":0}}},\"261\":{\"cells\":{\"1\":{\"style\":0},\"2\":{\"style\":0}}},\"262\":{\"cells\":{\"1\":{\"style\":0},\"2\":{\"style\":0}}},\"263\":{\"cells\":{\"1\":{\"style\":0},\"2\":{\"style\":0}}},\"264\":{\"cells\":{\"1\":{\"style\":0},\"2\":{\"style\":0}}},\"265\":{\"cells\":{\"1\":{\"style\":0},\"2\":{\"style\":0}}},\"266\":{\"cells\":{\"1\":{\"style\":0},\"2\":{\"style\":0}}},\"267\":{\"cells\":{\"1\":{\"style\":0},\"2\":{\"style\":0}}},\"268\":{\"cells\":{\"1\":{\"style\":0},\"2\":{\"style\":0}}},\"269\":{\"cells\":{\"1\":{\"style\":0},\"2\":{\"style\":0}}},\"270\":{\"cells\":{\"1\":{\"style\":0},\"2\":{\"style\":0}}},\"271\":{\"cells\":{\"1\":{\"style\":0},\"2\":{\"style\":0}}},\"272\":{\"cells\":{\"1\":{\"style\":0},\"2\":{\"style\":0}}},\"273\":{\"cells\":{\"1\":{\"style\":0},\"2\":{\"style\":0}}},\"274\":{\"cells\":{\"1\":{\"style\":0},\"2\":{\"style\":0}}},\"275\":{\"cells\":{\"1\":{\"style\":0},\"2\":{\"style\":0}}},\"276\":{\"cells\":{\"1\":{\"style\":0},\"2\":{\"style\":0}}},\"277\":{\"cells\":{\"1\":{\"style\":0},\"2\":{\"style\":0}}},\"278\":{\"cells\":{\"1\":{\"style\":0},\"2\":{\"style\":0}}},\"279\":{\"cells\":{\"1\":{\"style\":0},\"2\":{\"style\":0}}},\"280\":{\"cells\":{\"1\":{\"style\":0},\"2\":{\"style\":0}}},\"281\":{\"cells\":{\"1\":{\"style\":0},\"2\":{\"style\":0}}},\"282\":{\"cells\":{\"1\":{\"style\":0},\"2\":{\"style\":0}}},\"283\":{\"cells\":{\"1\":{\"style\":0},\"2\":{\"style\":0}}},\"284\":{\"cells\":{\"1\":{\"style\":0},\"2\":{\"style\":0}}},\"285\":{\"cells\":{\"1\":{\"style\":0},\"2\":{\"style\":0}}},\"286\":{\"cells\":{\"1\":{\"style\":0},\"2\":{\"style\":0}}},\"287\":{\"cells\":{\"1\":{\"style\":0},\"2\":{\"style\":0}}},\"288\":{\"cells\":{\"1\":{\"style\":0},\"2\":{\"style\":0}}},\"289\":{\"cells\":{\"1\":{\"style\":0},\"2\":{\"style\":0}}},\"290\":{\"cells\":{\"1\":{\"style\":0},\"2\":{\"style\":0}}},\"291\":{\"cells\":{\"1\":{\"style\":0},\"2\":{\"style\":0}}},\"292\":{\"cells\":{\"1\":{\"style\":0},\"2\":{\"style\":0}}},\"293\":{\"cells\":{\"1\":{\"style\":0},\"2\":{\"style\":0}}},\"294\":{\"cells\":{\"1\":{\"style\":0},\"2\":{\"style\":0}}},\"295\":{\"cells\":{\"1\":{\"style\":0},\"2\":{\"style\":0}}},\"296\":{\"cells\":{\"1\":{\"style\":0},\"2\":{\"style\":0}}},\"297\":{\"cells\":{\"1\":{\"style\":0},\"2\":{\"style\":0}}},\"298\":{\"cells\":{\"1\":{\"style\":0},\"2\":{\"style\":0}}},\"299\":{\"cells\":{\"1\":{\"style\":0},\"2\":{\"style\":0}}},\"300\":{\"cells\":{\"1\":{\"style\":0},\"2\":{\"style\":0}}},\"301\":{\"cells\":{\"1\":{\"style\":0},\"2\":{\"style\":0}}},\"302\":{\"cells\":{\"1\":{\"style\":0},\"2\":{\"style\":0}}},\"303\":{\"cells\":{\"1\":{\"style\":0},\"2\":{\"style\":0}}},\"304\":{\"cells\":{\"1\":{\"style\":0},\"2\":{\"style\":0}}},\"305\":{\"cells\":{\"1\":{\"style\":0},\"2\":{\"style\":0}}},\"306\":{\"cells\":{\"1\":{\"style\":0},\"2\":{\"style\":0}}},\"307\":{\"cells\":{\"1\":{\"style\":0},\"2\":{\"style\":0}}},\"308\":{\"cells\":{\"1\":{\"style\":0},\"2\":{\"style\":0}}},\"309\":{\"cells\":{\"1\":{\"style\":0},\"2\":{\"style\":0}}},\"310\":{\"cells\":{\"1\":{\"style\":0},\"2\":{\"style\":0}}},\"311\":{\"cells\":{\"1\":{\"style\":0},\"2\":{\"style\":0}}},\"312\":{\"cells\":{\"1\":{\"style\":0},\"2\":{\"style\":0}}},\"313\":{\"cells\":{\"1\":{\"style\":0},\"2\":{\"style\":0}}},\"314\":{\"cells\":{\"1\":{\"style\":0},\"2\":{\"style\":0}}},\"315\":{\"cells\":{\"1\":{\"style\":0},\"2\":{\"style\":0}}},\"316\":{\"cells\":{\"1\":{\"style\":0},\"2\":{\"style\":0}}},\"317\":{\"cells\":{\"1\":{\"style\":0},\"2\":{\"style\":0}}},\"318\":{\"cells\":{\"1\":{\"style\":0},\"2\":{\"style\":0}}},\"319\":{\"cells\":{\"1\":{\"style\":0},\"2\":{\"style\":0}}},\"320\":{\"cells\":{\"1\":{\"style\":0},\"2\":{\"style\":0}}},\"321\":{\"cells\":{\"1\":{\"style\":0},\"2\":{\"style\":0}}},\"322\":{\"cells\":{\"1\":{\"style\":0},\"2\":{\"style\":0}}},\"323\":{\"cells\":{\"1\":{\"style\":0},\"2\":{\"style\":0}}},\"324\":{\"cells\":{\"1\":{\"style\":0},\"2\":{\"style\":0}}},\"325\":{\"cells\":{\"1\":{\"style\":0},\"2\":{\"style\":0}}},\"326\":{\"cells\":{\"1\":{\"style\":0},\"2\":{\"style\":0}}},\"327\":{\"cells\":{\"1\":{\"style\":0},\"2\":{\"style\":0}}},\"328\":{\"cells\":{\"1\":{\"style\":0},\"2\":{\"style\":0}}},\"329\":{\"cells\":{\"1\":{\"style\":0},\"2\":{\"style\":0}}},\"330\":{\"cells\":{\"1\":{\"style\":0},\"2\":{\"style\":0}}},\"331\":{\"cells\":{\"1\":{\"style\":0},\"2\":{\"style\":0}}},\"332\":{\"cells\":{\"1\":{\"style\":0},\"2\":{\"style\":0}}},\"333\":{\"cells\":{\"1\":{\"style\":0},\"2\":{\"style\":0}}},\"334\":{\"cells\":{\"1\":{\"style\":0},\"2\":{\"style\":0}}},\"335\":{\"cells\":{\"1\":{\"style\":0},\"2\":{\"style\":0}}},\"336\":{\"cells\":{\"1\":{\"style\":0},\"2\":{\"style\":0}}},\"337\":{\"cells\":{\"1\":{\"style\":0},\"2\":{\"style\":0}}},\"338\":{\"cells\":{\"1\":{\"style\":0},\"2\":{\"style\":0}}},\"339\":{\"cells\":{\"1\":{\"style\":0},\"2\":{\"style\":0}}},\"340\":{\"cells\":{\"1\":{\"style\":0},\"2\":{\"style\":0}}},\"341\":{\"cells\":{\"1\":{\"style\":0},\"2\":{\"style\":0}}},\"342\":{\"cells\":{\"1\":{\"style\":0},\"2\":{\"style\":0}}},\"343\":{\"cells\":{\"1\":{\"style\":0},\"2\":{\"style\":0}}},\"344\":{\"cells\":{\"1\":{\"style\":0},\"2\":{\"style\":0}}},\"345\":{\"cells\":{\"1\":{\"style\":0},\"2\":{\"style\":0}}},\"346\":{\"cells\":{\"1\":{\"style\":0},\"2\":{\"style\":0}}},\"347\":{\"cells\":{\"1\":{\"style\":0},\"2\":{\"style\":0}}},\"348\":{\"cells\":{\"1\":{\"style\":0},\"2\":{\"style\":0}}},\"349\":{\"cells\":{\"1\":{\"style\":0},\"2\":{\"style\":0}}},\"350\":{\"cells\":{\"1\":{\"style\":0},\"2\":{\"style\":0}}},\"351\":{\"cells\":{\"1\":{\"style\":0},\"2\":{\"style\":0}}},\"352\":{\"cells\":{\"1\":{\"style\":0},\"2\":{\"style\":0}}},\"353\":{\"cells\":{\"1\":{\"style\":0},\"2\":{\"style\":0}}},\"354\":{\"cells\":{\"1\":{\"style\":0},\"2\":{\"style\":0}}},\"355\":{\"cells\":{\"1\":{\"style\":0},\"2\":{\"style\":0}}},\"356\":{\"cells\":{\"1\":{\"style\":0},\"2\":{\"style\":0}}},\"357\":{\"cells\":{\"1\":{\"style\":0},\"2\":{\"style\":0}}},\"358\":{\"cells\":{\"1\":{\"style\":0},\"2\":{\"style\":0}}},\"359\":{\"cells\":{\"1\":{\"style\":0},\"2\":{\"style\":0}}},\"360\":{\"cells\":{\"1\":{\"style\":0},\"2\":{\"style\":0}}},\"361\":{\"cells\":{\"1\":{\"style\":0},\"2\":{\"style\":0}}},\"362\":{\"cells\":{\"1\":{\"style\":0},\"2\":{\"style\":0}}},\"363\":{\"cells\":{\"1\":{\"style\":0},\"2\":{\"style\":0}}},\"364\":{\"cells\":{\"1\":{\"style\":0},\"2\":{\"style\":0}}},\"365\":{\"cells\":{\"1\":{\"style\":0},\"2\":{\"style\":0}}},\"366\":{\"cells\":{\"1\":{\"style\":0},\"2\":{\"style\":0}}},\"367\":{\"cells\":{\"1\":{\"style\":0},\"2\":{\"style\":0}}},\"368\":{\"cells\":{\"1\":{\"style\":0},\"2\":{\"style\":0}}},\"369\":{\"cells\":{\"1\":{\"style\":0},\"2\":{\"style\":0}}},\"370\":{\"cells\":{\"1\":{\"style\":0},\"2\":{\"style\":0}}},\"371\":{\"cells\":{\"1\":{\"style\":0},\"2\":{\"style\":0}}},\"372\":{\"cells\":{\"1\":{\"style\":0},\"2\":{\"style\":0}}},\"373\":{\"cells\":{\"1\":{\"style\":0},\"2\":{\"style\":0}}},\"374\":{\"cells\":{\"1\":{\"style\":0},\"2\":{\"style\":0}}},\"375\":{\"cells\":{\"1\":{\"style\":0},\"2\":{\"style\":0}}},\"376\":{\"cells\":{\"1\":{\"style\":0},\"2\":{\"style\":0}}},\"377\":{\"cells\":{\"1\":{\"style\":0},\"2\":{\"style\":0}}},\"378\":{\"cells\":{\"1\":{\"style\":0},\"2\":{\"style\":0}}},\"379\":{\"cells\":{\"1\":{\"style\":0},\"2\":{\"style\":0}}},\"380\":{\"cells\":{\"1\":{\"style\":0},\"2\":{\"style\":0}}},\"381\":{\"cells\":{\"1\":{\"style\":0},\"2\":{\"style\":0}}},\"382\":{\"cells\":{\"1\":{\"style\":0},\"2\":{\"style\":0}}},\"383\":{\"cells\":{\"1\":{\"style\":0},\"2\":{\"style\":0}}},\"384\":{\"cells\":{\"1\":{\"style\":0},\"2\":{\"style\":0}}},\"385\":{\"cells\":{\"1\":{\"style\":0},\"2\":{\"style\":0}}},\"386\":{\"cells\":{\"1\":{\"style\":0},\"2\":{\"style\":0}}},\"387\":{\"cells\":{\"1\":{\"style\":0},\"2\":{\"style\":0}}},\"388\":{\"cells\":{\"1\":{\"style\":0},\"2\":{\"style\":0}}},\"389\":{\"cells\":{\"1\":{\"style\":0},\"2\":{\"style\":0}}},\"390\":{\"cells\":{\"1\":{\"style\":0},\"2\":{\"style\":0}}},\"391\":{\"cells\":{\"1\":{\"style\":0},\"2\":{\"style\":0}}},\"392\":{\"cells\":{\"1\":{\"style\":0},\"2\":{\"style\":0}}},\"393\":{\"cells\":{\"1\":{\"style\":0},\"2\":{\"style\":0}}},\"394\":{\"cells\":{\"1\":{\"style\":0},\"2\":{\"style\":0}}},\"395\":{\"cells\":{\"1\":{\"style\":0},\"2\":{\"style\":0}}},\"396\":{\"cells\":{\"1\":{\"style\":0},\"2\":{\"style\":0}}},\"397\":{\"cells\":{\"1\":{\"style\":0},\"2\":{\"style\":0}}},\"398\":{\"cells\":{\"1\":{\"style\":0},\"2\":{\"style\":0}}},\"399\":{\"cells\":{\"1\":{\"style\":0},\"2\":{\"style\":0}}},\"400\":{\"cells\":{\"1\":{\"style\":0},\"2\":{\"style\":0}}},\"401\":{\"cells\":{\"1\":{\"style\":0},\"2\":{\"style\":0}}},\"402\":{\"cells\":{\"1\":{\"style\":0},\"2\":{\"style\":0}}},\"403\":{\"cells\":{\"1\":{\"style\":0},\"2\":{\"style\":0}}},\"404\":{\"cells\":{\"1\":{\"style\":0},\"2\":{\"style\":0}}},\"405\":{\"cells\":{\"1\":{\"style\":0},\"2\":{\"style\":0}}},\"406\":{\"cells\":{\"1\":{\"style\":0},\"2\":{\"style\":0}}},\"407\":{\"cells\":{\"1\":{\"style\":0},\"2\":{\"style\":0}}},\"408\":{\"cells\":{\"1\":{\"style\":0},\"2\":{\"style\":0}}},\"409\":{\"cells\":{\"1\":{\"style\":0},\"2\":{\"style\":0}}},\"410\":{\"cells\":{\"1\":{\"style\":0},\"2\":{\"style\":0}}},\"411\":{\"cells\":{\"1\":{\"style\":0},\"2\":{\"style\":0}}},\"412\":{\"cells\":{\"1\":{\"style\":0},\"2\":{\"style\":0}}},\"413\":{\"cells\":{\"1\":{\"style\":0},\"2\":{\"style\":0}}},\"414\":{\"cells\":{\"1\":{\"style\":0},\"2\":{\"style\":0}}},\"415\":{\"cells\":{\"1\":{\"style\":0},\"2\":{\"style\":0}}},\"416\":{\"cells\":{\"1\":{\"style\":0},\"2\":{\"style\":0}}},\"417\":{\"cells\":{\"1\":{\"style\":0},\"2\":{\"style\":0}}},\"418\":{\"cells\":{\"1\":{\"style\":0},\"2\":{\"style\":0}}},\"419\":{\"cells\":{\"1\":{\"style\":0},\"2\":{\"style\":0}}},\"420\":{\"cells\":{\"1\":{\"style\":0},\"2\":{\"style\":0}}},\"421\":{\"cells\":{\"1\":{\"style\":0},\"2\":{\"style\":0}}},\"422\":{\"cells\":{\"1\":{\"style\":0},\"2\":{\"style\":0}}},\"423\":{\"cells\":{\"1\":{\"style\":0},\"2\":{\"style\":0}}},\"424\":{\"cells\":{\"1\":{\"style\":0},\"2\":{\"style\":0}}},\"425\":{\"cells\":{\"1\":{\"style\":0},\"2\":{\"style\":0}}},\"426\":{\"cells\":{\"1\":{\"style\":0},\"2\":{\"style\":0}}},\"427\":{\"cells\":{\"1\":{\"style\":0},\"2\":{\"style\":0}}},\"428\":{\"cells\":{\"1\":{\"style\":0},\"2\":{\"style\":0}}},\"429\":{\"cells\":{\"1\":{\"style\":0},\"2\":{\"style\":0}}},\"430\":{\"cells\":{\"1\":{\"style\":0},\"2\":{\"style\":0}}},\"431\":{\"cells\":{\"1\":{\"style\":0},\"2\":{\"style\":0}}},\"432\":{\"cells\":{\"1\":{\"style\":0},\"2\":{\"style\":0}}},\"433\":{\"cells\":{\"1\":{\"style\":0},\"2\":{\"style\":0}}},\"434\":{\"cells\":{\"1\":{\"style\":0},\"2\":{\"style\":0}}},\"435\":{\"cells\":{\"1\":{\"style\":0},\"2\":{\"style\":0}}},\"436\":{\"cells\":{\"1\":{\"style\":0},\"2\":{\"style\":0}}},\"437\":{\"cells\":{\"1\":{\"style\":0},\"2\":{\"style\":0}}},\"438\":{\"cells\":{\"1\":{\"style\":0},\"2\":{\"style\":0}}},\"439\":{\"cells\":{\"1\":{\"style\":0},\"2\":{\"style\":0}}},\"440\":{\"cells\":{\"1\":{\"style\":0},\"2\":{\"style\":0}}},\"441\":{\"cells\":{\"1\":{\"style\":0},\"2\":{\"style\":0}}},\"442\":{\"cells\":{\"1\":{\"style\":0},\"2\":{\"style\":0}}},\"443\":{\"cells\":{\"1\":{\"style\":0},\"2\":{\"style\":0}}},\"444\":{\"cells\":{\"1\":{\"style\":0},\"2\":{\"style\":0}}},\"445\":{\"cells\":{\"1\":{\"style\":0},\"2\":{\"style\":0}}},\"446\":{\"cells\":{\"1\":{\"style\":0},\"2\":{\"style\":0}}},\"447\":{\"cells\":{\"1\":{\"style\":0},\"2\":{\"style\":0}}},\"448\":{\"cells\":{\"1\":{\"style\":0},\"2\":{\"style\":0}}},\"449\":{\"cells\":{\"1\":{\"style\":0},\"2\":{\"style\":0}}},\"450\":{\"cells\":{\"1\":{\"style\":0},\"2\":{\"style\":0}}},\"451\":{\"cells\":{\"1\":{\"style\":0},\"2\":{\"style\":0}}},\"452\":{\"cells\":{\"1\":{\"style\":0},\"2\":{\"style\":0}}},\"453\":{\"cells\":{\"1\":{\"style\":0},\"2\":{\"style\":0}}},\"454\":{\"cells\":{\"1\":{\"style\":0},\"2\":{\"style\":0}}},\"455\":{\"cells\":{\"1\":{\"style\":0},\"2\":{\"style\":0}}},\"456\":{\"cells\":{\"1\":{\"style\":0},\"2\":{\"style\":0}}},\"457\":{\"cells\":{\"1\":{\"style\":0},\"2\":{\"style\":0}}},\"458\":{\"cells\":{\"1\":{\"style\":0},\"2\":{\"style\":0}}},\"459\":{\"cells\":{\"1\":{\"style\":0},\"2\":{\"style\":0}}},\"460\":{\"cells\":{\"1\":{\"style\":0},\"2\":{\"style\":0}}},\"461\":{\"cells\":{\"1\":{\"style\":0},\"2\":{\"style\":0}}},\"462\":{\"cells\":{\"1\":{\"style\":0},\"2\":{\"style\":0}}},\"463\":{\"cells\":{\"1\":{\"style\":0},\"2\":{\"style\":0}}},\"464\":{\"cells\":{\"1\":{\"style\":0},\"2\":{\"style\":0}}},\"465\":{\"cells\":{\"1\":{\"style\":0},\"2\":{\"style\":0}}},\"466\":{\"cells\":{\"1\":{\"style\":0},\"2\":{\"style\":0}}},\"467\":{\"cells\":{\"1\":{\"style\":0},\"2\":{\"style\":0}}},\"468\":{\"cells\":{\"1\":{\"style\":0},\"2\":{\"style\":0}}},\"469\":{\"cells\":{\"1\":{\"style\":0},\"2\":{\"style\":0}}},\"470\":{\"cells\":{\"1\":{\"style\":0},\"2\":{\"style\":0}}},\"471\":{\"cells\":{\"1\":{\"style\":0},\"2\":{\"style\":0}}},\"472\":{\"cells\":{\"1\":{\"style\":0},\"2\":{\"style\":0}}},\"473\":{\"cells\":{\"1\":{\"style\":0},\"2\":{\"style\":0}}},\"474\":{\"cells\":{\"1\":{\"style\":0},\"2\":{\"style\":0}}},\"475\":{\"cells\":{\"1\":{\"style\":0},\"2\":{\"style\":0}}},\"476\":{\"cells\":{\"1\":{\"style\":0},\"2\":{\"style\":0}}},\"477\":{\"cells\":{\"1\":{\"style\":0},\"2\":{\"style\":0}}},\"478\":{\"cells\":{\"1\":{\"style\":0},\"2\":{\"style\":0}}},\"479\":{\"cells\":{\"1\":{\"style\":0},\"2\":{\"style\":0}}},\"480\":{\"cells\":{\"1\":{\"style\":0},\"2\":{\"style\":0}}},\"481\":{\"cells\":{\"1\":{\"style\":0},\"2\":{\"style\":0}}},\"482\":{\"cells\":{\"1\":{\"style\":0},\"2\":{\"style\":0}}},\"483\":{\"cells\":{\"1\":{\"style\":0},\"2\":{\"style\":0}}},\"484\":{\"cells\":{\"1\":{\"style\":0},\"2\":{\"style\":0}}},\"485\":{\"cells\":{\"1\":{\"style\":0},\"2\":{\"style\":0}}},\"486\":{\"cells\":{\"1\":{\"style\":0},\"2\":{\"style\":0}}},\"487\":{\"cells\":{\"1\":{\"style\":0},\"2\":{\"style\":0}}},\"488\":{\"cells\":{\"1\":{\"style\":0},\"2\":{\"style\":0}}},\"489\":{\"cells\":{\"1\":{\"style\":0},\"2\":{\"style\":0}}},\"490\":{\"cells\":{\"1\":{\"style\":0},\"2\":{\"style\":0}}},\"491\":{\"cells\":{\"1\":{\"style\":0},\"2\":{\"style\":0}}},\"492\":{\"cells\":{\"1\":{\"style\":0},\"2\":{\"style\":0}}},\"493\":{\"cells\":{\"1\":{\"style\":0},\"2\":{\"style\":0}}},\"494\":{\"cells\":{\"1\":{\"style\":0},\"2\":{\"style\":0}}},\"495\":{\"cells\":{\"1\":{\"style\":0},\"2\":{\"style\":0}}},\"496\":{\"cells\":{\"1\":{\"style\":0},\"2\":{\"style\":0}}},\"497\":{\"cells\":{\"1\":{\"style\":0},\"2\":{\"style\":0}}},\"498\":{\"cells\":{\"1\":{\"style\":0},\"2\":{\"style\":0}}},\"499\":{\"cells\":{\"1\":{\"style\":0},\"2\":{\"style\":0}}},\"len\":500},\"cols\":{\"1\":{\"width\":244},\"2\":{\"width\":185},\"3\":{\"width\":225},\"4\":{\"width\":184},\"len\":26},\"validations\":[],\"autofilter\":{}}]","s_number":"99","page_comments":""}],"catalogs":[]}}