{"item_type":"1","item_name":"\u6570\u636e\u5b57\u5178\u793a\u4f8b","item_description":"\u6570\u636e\u5b57\u5178\u793a\u4f8b","password":"","pages":{"pages":[{"page_title":"\u8bf4\u660e","cat_id":"0","page_content":"\u8fd9\u662f\u7cfb\u7edf\u751f\u6210\u7684\u6570\u636e\u5b57\u5178\u793a\u4f8b\u3002\n\n\u9664\u4e86\u624b\u52a8\u7f16\u8f91\u6570\u636e\u5b57\u5178\u5916\uff0c\u4f60\u8fd8\u53ef\u4ee5\u901a\u8fc7\u7a0b\u5e8f\u81ea\u52a8\u4ece\u6570\u636e\u5e93\u751f\u6210\u6570\u636e\u5b57\u5178\uff0c\u8be6\u60c5\u8bf7\u53c2\u8003[\u8fd9\u7bc7\u6587\u6863](https:\/\/www.showdoc.cc\/page\/312209902620725 \"\u8fd9\u7bc7\u6587\u6863\")\n\n","s_number":"1","page_comments":""},{"page_title":"user","cat_id":"0","page_content":"-  \u7528\u6237\u8868\uff0c\u50a8\u5b58\u7528\u6237\u4fe1\u606f\n\n|\u5b57\u6bb5|\u7c7b\u578b|\u7a7a|\u9ed8\u8ba4|\u6ce8\u91ca|\n|:----    |:-------    |:--- |-- -|------      |\n|uid\t  |int(10)     |\u5426\t|\t |\t           |\n|username |varchar(20) |\u5426\t|    |\t \u7528\u6237\u540d\t|\n|groupid  |tinyint(2)   |\u5426\t|  2  |\t 1\u4e3a\u7ba1\u7406\u5458\uff0c2\u4e3a\u666e\u901a\u7528\u6237\u3002\u6b64\u5b57\u6bb5\u4fdd\u7559\u65b9\u4fbf\u4ee5\u540e\u6269\u5c55\t|\n|password |varchar(50) |\u5426   |    |\t \u5bc6\u7801\t\t |\n|cookie_token |varchar(50) |\u5426   |    |\t  |\n|cookie_token_expire |int(11) |\u5426   |    |\t \u8fc7\u671f\u65f6\u95f4\t\t |\n|avatar |varchar(200) |\u662f   |    |\t \u5934\u50cf\t\t |\n|avatar_small |varchar(200) |\u662f   |    |\t \u5c0f\u5934\u50cf\t |\n|email |varchar(50) |\u5426   |    |\t \u90ae\u7bb1\t\t |\n|name     |varchar(15) |\u662f   |    |    \u6635\u79f0     |\n|reg_time |int(11)     |\u5426   | 0  |   \u6ce8\u518c\u65f6\u95f4  |\n|last_login_time |int(11)     |\u5426   | 0  |   \u6700\u540e\u4e00\u6b21\u767b\u5f55\u65f6\u95f4  |\n\n- \u5907\u6ce8\uff1a\u65e0\n\n","s_number":"2","page_comments":""},{"page_title":"item","cat_id":"0","page_content":"-  \u9879\u76ee\u8868\uff0c\u50a8\u5b58\u9879\u76ee\u4fe1\u606f\r\n\r\n|\u5b57\u6bb5|\u7c7b\u578b|\u7a7a|\u9ed8\u8ba4|\u6ce8\u91ca|\r\n|:----    |:-------    |:--- |-- -|------      |\r\n|item_id\t  |int(10)     |\u5426\t|\t |\t \u9879\u76eeid\u3001\u81ea\u589eid          |\r\n|item_name |varchar(50) |\u5426\t|    |\t \u9879\u76ee\u540d\t|\r\n|item_description |varchar(225) |\u5426   |    |\t \u9879\u76ee\u63cf\u8ff0\t\t |\r\n|uid     |int(10) |\u662f   |    |    \u521b\u5efa\u4ebauid     |\r\n|username |varchar(50)     |\u5426   |   |   \u521b\u5efa\u4eba\u7528\u6237\u540d  |\r\n|password |varchar(50)     |\u5426   |   |   \u9879\u76ee\u5bc6\u7801\u3002\u53ef\u4e3a\u7a7a\u3002\u7a7a\u8868\u793a\u53ef\u4ee5\u516c\u5f00\u8bbf\u95ee\u7684\u9879\u76ee  |\r\n|addtime |int(11)     |\u5426   |   |   \u9879\u76ee\u6dfb\u52a0\u7684\u65f6\u95f4\uff0c\u65f6\u95f4\u6233  |\r\n|last_update_time |int(11)     |\u5426   |   |   \u9879\u76ee\u6700\u540e\u66f4\u65b0\u65f6\u95f4\uff0c\u65f6\u95f4\u6233  |\r\n- \u5907\u6ce8\uff1a\u65e0\r\n\r\n","s_number":"2","page_comments":""},{"page_title":"catalog","cat_id":"0","page_content":"-  \u76ee\u5f55\u8868\uff0c\u50a8\u5b58\u9875\u9762\u76ee\u5f55\u4fe1\u606f\n\n|\u5b57\u6bb5|\u7c7b\u578b|\u7a7a|\u9ed8\u8ba4|\u6ce8\u91ca|\n|:----    |:-------    |:--- |-- -|------      |\n|cat_id\t  |int(10)     |\u5426\t|\t |\t\u76ee\u5f55id\uff0c\u81ea\u589e           |\n|cat_name |varchar(20) |\u5426\t|    |\t \u76ee\u5f55\u540d\t|\n|item_id |int(50) |\u5426   |    |\t \u76ee\u5f55\u6240\u5728\u7684\u9879\u76eeid\t\t |\n|s_number     |int(10) |\u5426   | 99   |    \u987a\u5e8f\u3002\u6570\u5b57\u8d8a\u5c0f\u8d8a\u9760\u524d     |\n|addtime  |int(10)     |\u5426   | 0  |   \u6dfb\u52a0\u65f6\u95f4\uff0c\u65f6\u95f4\u6233  |\n\n- \u5907\u6ce8\uff1a\u65e0\n\n","s_number":"3","page_comments":""},{"page_title":"item_member","cat_id":"0","page_content":"\n-  \u9879\u76ee\u6210\u5458\u8868\n\n|\u5b57\u6bb5|\u7c7b\u578b|\u7a7a|\u9ed8\u8ba4|\u6ce8\u91ca|\n|:----    |:-------    |:--- |-- -|------      |\n|item_member_id\t  |int(10)     |\u5426\t|\t |\t  \u81ea\u589eid         |\n|item_id |int(10) |\u5426\t|    |\t \u9879\u76eeid\t|\n|uid |int(10) |\u5426   |    |\t \u6210\u5458uid\t\t |\n|username     |varchar(50) |\u662f   |    |    \u6210\u5458\u7528\u6237\u540d     |\n|addtime |int(11)     |\u5426   | 0  |   \u6dfb\u52a0\u65f6\u95f4  |\n\n- \u5907\u6ce8\uff1a\u65e0\n\n","s_number":"4","page_comments":""},{"page_title":"page","cat_id":"0","page_content":"-  \u9875\u9762\u8868\uff0c\u4fdd\u5b58\u7f16\u8f91\u7684\u9875\u9762\u5185\u5bb9\n\n|\u5b57\u6bb5|\u7c7b\u578b|\u7a7a|\u9ed8\u8ba4|\u6ce8\u91ca|\n|:----    |:-------    |:--- |-- -|------      |\n|page_id |int(10) |\u5426\t|  0  |\t \u9875\u9762\u81ea\u589eid\t|\n|author_uid |int(10) |\u5426   |  0  |\t \u9875\u9762\u4f5c\u8005uid\t\t |\n|author_username     |varchar(50) |\u5426   |    |    \u9875\u9762\u4f5c\u8005\u7528\u6237\u540d     |\n|item_id |int(10)     |\u5426   | 0  |   \u9879\u76eeid  |\n|cat_id |int(10)     |\u5426   | 0  |   \u7236\u76ee\u5f55id  |\n|page_title |varchar(50)\t    |\u5426   |   |   \u9875\u9762\u6807\u9898  |\n|page_content  |text     |\u5426   |   |   \u9875\u9762\u5185\u5bb9  |\n|s_number |int(10)     |\u5426   | 99  |   \u987a\u5e8f\u53f7\u3002\u6570\u5b57\u8d8a\u5c0f\u8d8a\u9760\u524d  |\n|addtime |int(11)     |\u5426   | 0  |   \u8be5\u8bb0\u5f55\u6dfb\u52a0\u7684\u65f6\u95f4\u3002\u53ef\u8ba4\u4e3a\u662f\u9875\u9762\u7684\u4fee\u6539\u65f6\u95f4  |\n\n- \u5907\u6ce8\uff1a\u65e0\n\n","s_number":"5","page_comments":""},{"page_title":"page_history","cat_id":"0","page_content":"-  \u9875\u9762\u5386\u53f2\u8868\uff0c\u4fdd\u5b58\u9875\u9762\u5386\u53f2\n\n|\u5b57\u6bb5|\u7c7b\u578b|\u7a7a|\u9ed8\u8ba4|\u6ce8\u91ca|\n|:----    |:-------    |:--- |-- -|------      |\n|page_history_id |int(10)     |\u5426\t|\t |\t\u81ea\u589eid           |\n|page_id |int(10) |\u5426\t|  0  |\t \u9875\u9762id\t|\n|author_uid |int(10) |\u5426   |  0  |\t \u9875\u9762\u4f5c\u8005uid\t\t |\n|author_username     |varchar(50) |\u5426   |    |    \u9875\u9762\u4f5c\u8005\u7528\u6237\u540d     |\n|item_id |int(10)     |\u5426   | 0  |   \u9879\u76eeid  |\n|cat_id |int(10)     |\u5426   | 0  |   \u7236\u76ee\u5f55id  |\n|page_title |varchar(50)\t    |\u5426   |   |   \u9875\u9762\u6807\u9898  |\n|page_content  |text     |\u5426   |   |   \u9875\u9762\u5185\u5bb9  |\n|s_number |int(10)     |\u5426   | 99  |   \u987a\u5e8f\u53f7\u3002\u6570\u5b57\u8d8a\u5c0f\u8d8a\u9760\u524d  |\n|addtime |int(11)     |\u5426   | 0  |   \u8be5\u8bb0\u5f55\u6dfb\u52a0\u7684\u65f6\u95f4\u3002\u53ef\u8ba4\u4e3a\u662f\u9875\u9762\u7684\u4fee\u6539\u65f6\u95f4  |\n\n- \u5907\u6ce8\uff1a\u65e0\n\n","s_number":"6","page_comments":""}],"catalogs":[]}}