{"item_type":"1","item_name":"\u6280\u672f\u56e2\u961f\u6587\u6863\u793a\u4f8b","item_description":"","password":"","pages":{"pages":[{"page_title":"\u8bf4\u660e","cat_id":"0","page_content":"\u8fd9\u662f\u7531\u7cfb\u7edf\u751f\u6210\u7684\u6280\u672f\u56e2\u961f\u6587\u6863\u793a\u4f8b\u9879\u76ee\u3002\n\n\u7531\u4e8e\u6bcf\u4e2a\u56e2\u961f\u90fd\u4e0d\u592a\u4e00\u6837\uff0c\u6545\u751f\u6210\u7684\u6587\u6863\u4ec5\u4f9b\u53c2\u8003\uff0c\u4e0d\u5fc5\u62d8\u6ce5\u4e8e\u53ea\u4f7f\u7528\u8fd9\u79cd\u6a21\u677f\u6765\u5b58\u653e\u56e2\u961f\u6587\u6863\u8d44\u6599","s_number":"99","page_comments":""}],"catalogs":[{"cat_id":"37666","cat_name":"\u5de5\u5177\u6559\u7a0b","parent_cat_id":"0","level":"2","s_number":"1","pages":[{"page_title":"markdown\u6559\u7a0b","cat_id":"37666","page_content":"[TOC]\n\n### \u4e3b\u8981\u7279\u6027\n\n- \u652f\u6301\u201c\u6807\u51c6\u201dMarkdown \/ CommonMark\u548cGithub\u98ce\u683c\u7684\u8bed\u6cd5\uff1b\n- \u652f\u6301\u5b9e\u65f6\u9884\u89c8\u3001\u56fe\u7247\uff08\u8de8\u57df\uff09\u4e0a\u4f20\u3001\u9884\u683c\u5f0f\u6587\u672c\/\u4ee3\u7801\/\u8868\u683c\u63d2\u5165\u3001\u4ee3\u7801\u6298\u53e0\u3001\u641c\u7d22\u66ff\u6362\u3001\u53ea\u8bfb\u6a21\u5f0f\u3001\u81ea\u5b9a\u4e49\u6837\u5f0f\u4e3b\u9898\u548c\u591a\u8bed\u8a00\u8bed\u6cd5\u9ad8\u4eae\u7b49\u529f\u80fd\uff1b\n- \u652f\u6301ToC\uff08Table of Contents\uff09\u3001Task lists\u3001@\u94fe\u63a5\u7b49Markdown\u6269\u5c55\u8bed\u6cd5\uff1b\n- \u652f\u6301TeX\u79d1\u5b66\u516c\u5f0f\uff08\u57fa\u4e8eKaTeX\uff09\u3001\u6d41\u7a0b\u56fe Flowchart \u548c \u65f6\u5e8f\u56fe Sequence Diagram;\n- \u517c\u5bb9\u4e3b\u6d41\u7684\u6d4f\u89c8\u5668\uff08IE8+\uff09\u548cZepto.js\uff0c\u4e14\u652f\u6301iPad\u7b49\u5e73\u677f\u8bbe\u5907\uff1b\n\n\n\n# Heading 1\n## Heading 2\n### Heading 3\n Heading 4\n# Heading 5\n## Heading 6\n# Heading 1 link [Heading link](https:\/\/github.com\/pandao\/editor.md \"Heading link\")\n## Heading 2 link [Heading link](https:\/\/github.com\/pandao\/editor.md \"Heading link\")\n### Heading 3 link [Heading link](https:\/\/github.com\/pandao\/editor.md \"Heading link\")\n Heading 4 link [Heading link](https:\/\/github.com\/pandao\/editor.md \"Heading link\") Heading link [Heading link](https:\/\/github.com\/pandao\/editor.md \"Heading link\")\n# Heading 5 link [Heading link](https:\/\/github.com\/pandao\/editor.md \"Heading link\")\n## Heading 6 link [Heading link](https:\/\/github.com\/pandao\/editor.md \"Heading link\")\n\n \u6807\u9898\uff08\u7528\u5e95\u7ebf\u7684\u5f62\u5f0f\uff09Heading (underline)\n\nThis is an H1\n=============\n\nThis is an H2\n-------------\n\n### \u5b57\u7b26\u6548\u679c\u548c\u6a2a\u7ebf\u7b49\n                \n----\n\n~~\u5220\u9664\u7ebf~~ <s&\u5220\u9664\u7ebf\uff08\u5f00\u542f\u8bc6\u522bHTML\u6807\u7b7e\u65f6\uff09<\/s&\n*\u659c\u4f53\u5b57*      _\u659c\u4f53\u5b57_\n**\u7c97\u4f53**  __\u7c97\u4f53__\n***\u7c97\u659c\u4f53*** ___\u7c97\u659c\u4f53___\n\n\u4e0a\u6807\uff1aX<sub&2<\/sub&\uff0c\u4e0b\u6807\uff1aO<sup&2<\/sup&\n\n**\u7f29\u5199(\u540cHTML\u7684abbr\u6807\u7b7e)**\n\n& \u5373\u66f4\u957f\u7684\u5355\u8bcd\u6216\u77ed\u8bed\u7684\u7f29\u5199\u5f62\u5f0f\uff0c\u524d\u63d0\u662f\u5f00\u542f\u8bc6\u522bHTML\u6807\u7b7e\u65f6\uff0c\u5df2\u9ed8\u8ba4\u5f00\u542f\n\nThe <abbr title=\"Hyper Text Markup Language\"&HTML<\/abbr& specification is maintained by the <abbr title=\"World Wide Web Consortium\"&W3C<\/abbr&.\n\n### \u5f15\u7528 Blockquotes\n\n& \u5f15\u7528\u6587\u672c Blockquotes\n\n\u5f15\u7528\u7684\u884c\u5185\u6df7\u5408 Blockquotes\n                    \n& \u5f15\u7528\uff1a\u5982\u679c\u60f3\u8981\u63d2\u5165\u7a7a\u767d\u6362\u884c`\u5373<br \/&\u6807\u7b7e`\uff0c\u5728\u63d2\u5165\u5904\u5148\u952e\u5165\u4e24\u4e2a\u4ee5\u4e0a\u7684\u7a7a\u683c\u7136\u540e\u56de\u8f66\u5373\u53ef\uff0c[\u666e\u901a\u94fe\u63a5](http:\/\/localhost\/)\u3002\n\n### \u951a\u70b9\u4e0e\u94fe\u63a5 Links\n\n[\u666e\u901a\u94fe\u63a5](http:\/\/localhost\/)\n\n[\u666e\u901a\u94fe\u63a5\u5e26\u6807\u9898](http:\/\/localhost\/ \"\u666e\u901a\u94fe\u63a5\u5e26\u6807\u9898\")\n\n\u76f4\u63a5\u94fe\u63a5\uff1a<https:\/\/github.com&\n\n[\u951a\u70b9\u94fe\u63a5][anchor-id] \n\n[anchor-id]: http:\/\/www.this-anchor-link.com\/\n\nGFM a-tail link @pandao\n\n& @pandao\n\n### \u591a\u8bed\u8a00\u4ee3\u7801\u9ad8\u4eae Codes\n\n \u884c\u5185\u4ee3\u7801 Inline code\n\n\u6267\u884c\u547d\u4ee4\uff1a`npm install marked`\n\n \u7f29\u8fdb\u98ce\u683c\n\n\u5373\u7f29\u8fdb\u56db\u4e2a\u7a7a\u683c\uff0c\u4e5f\u505a\u4e3a\u5b9e\u73b0\u7c7b\u4f3c`<pre&`\u9884\u683c\u5f0f\u5316\u6587\u672c(Preformatted Text)\u7684\u529f\u80fd\u3002\n\n    <?php\n        echo \"Hello world!\";\n    ?&\n    \n\u9884\u683c\u5f0f\u5316\u6587\u672c\uff1a\n\n    | First Header  | Second Header |\n    | ------------- | ------------- |\n    | Content Cell  | Content Cell  |\n    | Content Cell  | Content Cell  |\n\n JS\u4ee3\u7801\u3000\n\n```javascript\nfunction test(){\n\tconsole.log(\"Hello world!\");\n}\n \n(function(){\n    var box = function(){\n        return box.fn.init();\n    };\n\n    box.prototype = box.fn = {\n        init : function(){\n            console.log('box.init()');\n\n\t\t\treturn this;\n        },\n\n\t\tadd : function(str){\n\t\t\talert(\"add\", str);\n\n\t\t\treturn this;\n\t\t},\n\n\t\tremove : function(str){\n\t\t\talert(\"remove\", str);\n\n\t\t\treturn this;\n\t\t}\n    };\n    \n    box.fn.init.prototype = box.fn;\n    \n    window.box =box;\n})();\n\nvar testBox = box();\ntestBox.add(\"jQuery\").remove(\"jQuery\");\n```\n\n HTML\u4ee3\u7801 HTML codes\n\n```html\n<!DOCTYPE html&\n<html&\n    <head&\n        <mate charest=\"utf-8\" \/&\n        <title&Hello world!<\/title&\n    <\/head&\n    <body&\n        <h1&Hello world!<\/h1&\n    <\/body&\n<\/html&\n```\n\n### \u56fe\u7247 Images\n\nImage:\n\n![](https:\/\/pandao.github.io\/editor.md\/examples\/images\/4.jpg)\n\n& Follow your heart.\n\n![](https:\/\/pandao.github.io\/editor.md\/examples\/images\/8.jpg)\n\n& \u56fe\u4e3a\uff1a\u53a6\u95e8\u767d\u57ce\u6c99\u6ee9\n\n\u56fe\u7247\u52a0\u94fe\u63a5 (Image + Link)\uff1a\n\n[![](https:\/\/pandao.github.io\/editor.md\/examples\/images\/7.jpg)](https:\/\/pandao.github.io\/editor.md\/examples\/images\/7.jpg \"\u674e\u5065\u9996\u5f20\u4e13\u8f91\u300a\u4f3c\u6c34\u6d41\u5e74\u300b\u5c01\u9762\")\n\n& \u56fe\u4e3a\uff1a\u674e\u5065\u9996\u5f20\u4e13\u8f91\u300a\u4f3c\u6c34\u6d41\u5e74\u300b\u5c01\u9762\n                \n----\n\n### \u5217\u8868 Lists\n\n \u65e0\u5e8f\u5217\u8868\uff08\u51cf\u53f7\uff09Unordered Lists (-)\n                \n- \u5217\u8868\u4e00\n- \u5217\u8868\u4e8c\n- \u5217\u8868\u4e09\n     \n \u65e0\u5e8f\u5217\u8868\uff08\u661f\u53f7\uff09Unordered Lists (*)\n\n* \u5217\u8868\u4e00\n* \u5217\u8868\u4e8c\n* \u5217\u8868\u4e09\n\n \u65e0\u5e8f\u5217\u8868\uff08\u52a0\u53f7\u548c\u5d4c\u5957\uff09Unordered Lists (+)\n                \n+ \u5217\u8868\u4e00\n+ \u5217\u8868\u4e8c\n    + \u5217\u8868\u4e8c-1\n    + \u5217\u8868\u4e8c-2\n    + \u5217\u8868\u4e8c-3\n+ \u5217\u8868\u4e09\n    * \u5217\u8868\u4e00\n    * \u5217\u8868\u4e8c\n    * \u5217\u8868\u4e09\n\n \u6709\u5e8f\u5217\u8868 Ordered Lists (-)\n                \n1. \u7b2c\u4e00\u884c\n2. \u7b2c\u4e8c\u884c\n3. \u7b2c\u4e09\u884c\n\n GFM task list\n\n- [x] GFM task list 1\n- [x] GFM task list 2\n- [ ] GFM task list 3\n    - [ ] GFM task list 3-1\n    - [ ] GFM task list 3-2\n    - [ ] GFM task list 3-3\n- [ ] GFM task list 4\n    - [ ] GFM task list 4-1\n    - [ ] GFM task list 4-2\n                \n----\n                    \n### \u7ed8\u5236\u8868\u683c Tables\n\n| \u9879\u76ee        | \u4ef7\u683c   |  \u6570\u91cf  |\n| --------   | -----:  | :----:  |\n| \u8ba1\u7b97\u673a      | $1600   |   5     |\n| \u624b\u673a        |   $12   |   12   |\n| \u7ba1\u7ebf        |    $1    |  234  |\n                    \nFirst Header  | Second Header\n------------- | -------------\nContent Cell  | Content Cell\nContent Cell  | Content Cell \n\n| First Header  | Second Header |\n| ------------- | ------------- |\n| Content Cell  | Content Cell  |\n| Content Cell  | Content Cell  |\n\n| Function name | Description                    |\n| ------------- | ------------------------------ |\n| `help()`      | Display the help window.       |\n| `destroy()`   | **Destroy your computer!**     |\n\n| Left-Aligned  | Center Aligned  | Right Aligned |\n| :------------ |:---------------:| -----:|\n| col 3 is      | some wordy text | $1600 |\n| col 2 is      | centered        |   $12 |\n| zebra stripes | are neat        |    $1 |\n\n| Item      | Value |\n| --------- | -----:|\n| Computer  | $1600 |\n| Phone     |   $12 |\n| Pipe      |    $1 |\n                \n----\n\n \u7279\u6b8a\u7b26\u53f7 HTML Entities Codes\n\n&amp;copy; &amp;  &amp;uml; &amp;trade; &amp;iexcl; &amp;pound;\n&amp;amp; &amp;lt; &amp;gt; &amp;yen; &amp;euro; &amp;reg; &amp;plusmn; &amp;para; &amp;sect; &amp;brvbar; &amp;macr; &amp;laquo; &amp;middot; \n\nX&amp;sup2; Y&amp;sup3; &amp;frac34; &amp;frac14;  &amp;times;  &amp;divide;   &amp;raquo;\n\n18&amp;ordm;C  &amp;quot;  &amp;apos;\n\n\n \u53cd\u659c\u6760 Escape\n\n\\*literal asterisks\\*\n            \n### \u79d1\u5b66\u516c\u5f0f TeX(KaTeX)\n                    \n$$E=mc^2$$\n\n\u884c\u5185\u7684\u516c\u5f0f$$E=mc^2$$\u884c\u5185\u7684\u516c\u5f0f\uff0c\u884c\u5185\u7684$$E=mc^2$$\u516c\u5f0f\u3002\n\n$$\\(\\sqrt{3x-1}+(1+x)^2\\)$$\n                    \n$$\\sin(\\alpha)^{\\theta}=\\sum_{i=0}^{n}(x^i + \\cos(f))$$\n\n\u591a\u884c\u516c\u5f0f\uff1a\n\n```math\n\\displaystyle\n\\left( \\sum\\_{k=1}^n a\\_k b\\_k \\right)^2\n\\leq\n\\left( \\sum\\_{k=1}^n a\\_k^2 \\right)\n\\left( \\sum\\_{k=1}^n b\\_k^2 \\right)\n```\n\n```katex\n\\displaystyle \n    \\frac{1}{\n        \\Bigl(\\sqrt{\\phi \\sqrt{5}}-\\phi\\Bigr) e^{\n        \\frac25 \\pi}} = 1+\\frac{e^{-2\\pi}} {1+\\frac{e^{-4\\pi}} {\n        1+\\frac{e^{-6\\pi}}\n        {1+\\frac{e^{-8\\pi}}\n         {1+\\cdots} }\n        } \n    }\n```\n\n```latex\nf(x) = \\int_{-\\infty}^\\infty\n    \\hat f(\\xi)\\,e^{2 \\pi i \\xi x}\n    \\,d\\xi\n```\n                \n### \u7ed8\u5236\u6d41\u7a0b\u56fe Flowchart\n\n```flow\nst=>start: \u7528\u6237\u767b\u9646\nop=>operation: \u767b\u9646\u64cd\u4f5c\ncond=>condition: \u767b\u9646\u6210\u529f Yes or No?\ne=>end: \u8fdb\u5165\u540e\u53f0\n\nst->op->cond\ncond(yes)->e\ncond(no)->op\n```\n                    \n### \u7ed8\u5236\u5e8f\u5217\u56fe Sequence Diagram\n                    \n```seq\nAndrew-&China: Says Hello \nNote right of China: China thinks\\nabout it \nChina--&Andrew: How are you? \nAndrew-&&China: I am good thanks!\n```\n\n### End","s_number":"99","page_comments":""},{"page_title":"plantuml\u652f\u6301","cat_id":"37666","page_content":"\nshowdoc\u652f\u6301plantuml\uff0c\u5305\u62ec\u65f6\u5e8f\u56fe\u3001\u7528\u4f8b\u56fe\u3001\u7c7b\u56fe\u3001\u7ec4\u4ef6\u56fe\u3001\u72b6\u6001\u56fe\u7b49\u7b49\u3002\u4f60\u53ef\u4ee5\u4f7f\u7528markdown\u4ee3\u7801\u5757\u58f0\u660eplantuml\uff0c\u7136\u540e\u4e2d\u95f4\u63d2\u5165plantuml\u8bed\u53e5\u3002\u5982\uff1a\n\n<pre>\n```plantuml \n@startuml\nAlice -> Bob: Authentication Request\nBob --> Alice: Authentication Response\nAlice -> Bob: Another authentication Request\nAlice <-- Bob: another authentication Response\n@enduml\n```\n<\/pre>\n\n\u4e0a\u8ff0\u4ee3\u7801\u751f\u6210\u7684\u56fe\u4f8b\u6548\u679c\u5982\u4e0b\uff1a\n\n```plantuml\n\n@startuml\nAlice -> Bob: Authentication Request\nBob --> Alice: Authentication Response\n\nAlice -> Bob: Another authentication Request\nAlice <-- Bob: another authentication Response\n@enduml\n\n\n```\n\n\n#### \u66f4\u591aplantuml\u8bed\u6cd5\u89c4\u5219\u8bf7\u770bhttps:\/\/plantuml.com\/zh \n#### \u4e0b\u65b9\u5c06\u7ed9\u51fa\u5404\u4e2a\u56fe\u7684\u9884\u89c8\u6548\u679c\n\n\n\n------------\n\n\n### \u65f6\u5e8f\u56fe\n\n```plantuml\n\n@startuml\nAlice -> Bob: Authentication Request\nBob --> Alice: Authentication Response\n\nAlice -> Bob: Another authentication Request\nAlice <-- Bob: another authentication Response\n@enduml\n\n\n```\n\n\n### \u7528\u4f8b\u56fe\n\n```plantuml\n\n@startuml\n\n(First usecase)\n(Another usecase) as (UC2)  \nusecase UC3\nusecase (Last\\nusecase) as UC4\n\n@enduml\n\n\n```\n\n\n### \u7c7b\u56fe\n\n```plantuml\n\n@startuml\nClass01 <|-- Class02\nClass03 *-- Class04\nClass05 o-- Class06\nClass07 .. Class08\nClass09 -- Class10\n@enduml\n\n\n```\n\n### \u6d3b\u52a8\u56fe\n\n\n```plantuml\n\n@startuml\n\n(*) --> \"First Activity\"\n\"First Activity\" --> (*)\n\n@enduml\n\n\n```\n\n\n### \u7ec4\u4ef6\u56fe\n\n\n```plantuml\n\n@startuml\n\n[First component]\n[Another component] as Comp2  \ncomponent Comp3\ncomponent [Last\\ncomponent] as Comp4\n\n@enduml\n\n\n```\n\n\n### \u72b6\u6001\u56fe\n\n\n\n```plantuml\n\n@startuml\n\n[*] --> State1\nState1 --> [*]\nState1 : this is a string\nState1 : this is another string\n\nState1 -> State2\nState2 --> [*]\n\n@enduml\n\n\n```\n\n### \u5b9a\u65f6\u56fe\n\n\n\n```plantuml\n\n@startuml\nrobust \"Web \u6d4f\u89c8\u5668\" as WB\nconcise \"Web \u7528\u6237\" as WU\n\n@0\nWU is \u7a7a\u95f2\nWB is \u7a7a\u95f2\n\n@100\nWU is \u7b49\u5f85\u4e2d\nWB is \u5904\u7406\u4e2d\n\n@300\nWB is \u7b49\u5f85\u4e2d\n@enduml\n\n\n```\n","s_number":"99","page_comments":""}],"catalogs":[]},{"cat_id":"37665","cat_name":"\u6280\u672f\u89c4\u8303","parent_cat_id":"0","level":"2","s_number":"2","pages":[{"page_title":"\u670d\u52a1\u5668\u64cd\u4f5c\u89c4\u8303","cat_id":"37665","page_content":"### \u5b89\u5168\u89c4\u8303\n- \u8d26\u53f7\n\n \u975e\u5fc5\u8981\u60c5\u51b5\u4e0b\uff0c\u4ee5\u975eroot\u7528\u6237\u767b\u5f55\u64cd\u4f5c\n \u591a\u4eba\u64cd\u4f5c\u73af\u5883\uff0c\u7ed9\u5b9a\u666e\u901a\u7528\u6237\u8d26\u53f7\n\n-  \u53e3\u4ee4\n\n \u63a7\u5236\u53e3\u4ee4\u5f3a\u5ea6\uff0c\u4fee\u6539\u9891\u6b21\u4e3a\u4e00\u4e2a\u6708\u6216\u4e09\u4e2a\u6708\n\n-  \u78c1\u76d8\u4f7f\u7528\n\n \u76d1\u63a7\u78c1\u76d8\u4f7f\u7528\u60c5\u51b5\uff0c\u9632\u6b62\u7206\u76d8\n\n-  \u91cd\u8981\u6587\u4ef6\u7ba1\u7406\n \u5907\u4efd\n \u6dfb\u52a0\u4e0d\u53ef\u66f4\u6539\u4f4d\uff0c\u8fd9\u6837root\u7528\u6237\u4fee\u6539\u4e5f\u8981\u6307\u5b9a\u7279\u5b9a\u53c2\u6570\n \n ```\n\tchattr  +i  filename    \/* \u52a0\u2018\u4e0d\u53ef\u66f4\u6539\u4f4d\u2018 *\/         \n\tchattr  -i  filename    \/* \u53bb\u6389\u2018\u4e0d\u53ef\u66f4\u6539\u4f4d\u2018 *\/\n```\n\n\n\n-  IP\uff0c\u7aef\u53e3\n\n \u9650\u5236\u7aef\u53e3\u8bbf\u95ee\u673a\u5668\n \u7981\u6b62\u4fee\u6539\u767b\u5f55\u7aef\u53e3\n \u7981\u6b62\u7ed1\u5b9a\u4efb\u610f\u7a0b\u5e8f\u5230\u7279\u5b9a\u7aef\u53e3\n \u8fdb\u7a0b\u4e0d\u76f4\u63a5\u7ed1\u5b9a\u5728\u73af\u8def\u5730\u5740\u4e0a\u9762(0.0.0.0)\uff0c\u9700\u7ed1\u5b9a\u5185\u7f51ip\n\n-  \u76d1\u63a7\n\n \u5f00\u542f\u76d1\u63a7 \u6bd4\u5982\u76d1\u5f00\u542f\u63a7\u65e5\u5fd7\uff0cnginx\uff0cthinkjs\u9ed8\u8ba4\u81ea\u5e26\u5f00\u542f\u65e5\u5fd7\n \u7248\u672c\n \u7cfb\u7edf\u6216\u8f6f\u4ef6\u4ece\u5b98\u65b9\u6e20\u9053\u4e0b\u8f7d\n \u7cfb\u7edf\u547d\u4ee4\u7981\u6b62\u4fee\u6539\uff0c\u5982rm\uff0cmv\n \n-  \u8bbf\u95ee\u63a7\u5236\n\n \u7981\u7528\u76ee\u5f55\u6d4f\u89c8\uff0c\u654f\u611f\u6587\u4ef6\u6570\u636e\u7981\u6b62\u653e\u5728web\u76ee\u5f55\u4e0b\u9762\uff08\u5305\u62ecsvn\uff0ccvs\u7248\u672c\u63a7\u5236\u7684\u6587\u4ef6\uff09\n\n### \u64cd\u4f5c\u89c4\u8303\n\n-  \u670d\u52a1\u5668\n\n \u5371\u9669\u64cd\u4f5c\u524d\u4e00\u5b9a\u8981\u5907\u4efd\n\n-  \u6570\u636e\u5e93\n\n \u7ed1\u5b9a\u5185\u7f51ip\n \u8bbe\u7f6e\u767b\u5f55\u5bc6\u7801\n \u5220\u9664\u9ed8\u8ba4\u6570\u636e\u5e93\u53ca\u7528\u6237\n \u65b0\u5efamysql\u7528\u6237\u548c\u7ec4\uff0c\u76f8\u5173\u6743\u9650\u7ed9\u5230mysql\u7528\u6237\n \u5e93\uff0c\u8868\u7ea7\u522b\u64cd\u4f5c\u614e\u91cd\n\n-  \u5371\u9669\u64cd\u4f5c\n\n `rm -rf dir\/filename` \u6b64\u547d\u4ee4\u5f3a\u5236\u5220\u9664\u6587\u4ef6\u6216\u76ee\u5f55\uff0c\u64cd\u4f5c\u524d\u52a1\u5fc5\u5907\u4efd\uff08cp -r\uff09\n `kill -9 pid` \u6b64\u547d\u4ee4\u5f3a\u5236\u6740\u6389\u6b63\u5728\u8fd0\u884c\u7684\u8fdb\u7a0b\uff0c\u4f7f\u5f53\u524d\u8fdb\u7a0b\u5bf9\u5e94\u7a0b\u5e8f\u7acb\u5373\u9000\u51fa\uff0c\u4e00\u822c\u4f1a\u4e22\u5931\u6570\u636e\n \u6570\u636e\u5e93\u76f8\u5173 \uff08delete\uff0cdrop\uff0ctruncate\uff09 \u64cd\u4f5c\u524d\u4e00\u5b9a\u5907\u4efd\u6570\u636e\uff0c\u64cd\u4f5c\u65f6\u6700\u597d\u6709\u4eba\u7ed3\u5bf9\n-  \u81ea\u52a8\u5316\n\n \u91cd\u8981\u6587\u4ef6\u6216\u6570\u636e\u5e93\u5907\u4efd\u81ea\u52a8\u5316 \u53ef\u901a\u8fc7crontab\u4efb\u52a1\u6765\u5b9a\u65f6\u6267\u884c\n \u670d\u52a1\u6216\u7a0b\u5e8f\u672c\u8eab\u5c5e\u4e8e\u5b9a\u65f6\u4efb\u52a1\uff0c\u5219\u5bf9\u4e8e\u91cd\u8981\u6570\u636e\u3001\u6587\u4ef6\u5728\u670d\u52a1\u6216\u7a0b\u5e8f\u5185\u90e8\u81ea\u884c\u5b9e\u73b0","s_number":"98","page_comments":""},{"page_title":"\u7248\u672c\u63a7\u5236\u89c4\u8303","cat_id":"37665","page_content":"### \u7248\u672c\u53f7\u5e0c\u671b\u9075\u5faa\u5927\u4e2d\u5c0f\u7248\u672c\u53f7\u7f16\u5236\uff1a\n\n\n [\u5efa\u8bae]X.0\u4e3a\u5927\u7248\u672c\u6539\u7248\u4e0a\u7ebf\uff1bX.X.0\u4e3a\u5c0f\u7248\u672c\u4f18\u5316\u5347\u7ea7\uff1bX.X.X\u4e3a\u540c\u7248\u672c\u7684bug\u4fee\u590d\u66f4\u65b0\u3002\n\n\u6bd4\u5982\uff1ablog2.0 \u4e3a\u535a\u5ba2\u7cfb\u7edf\u5927\u6539\u7248V2.0\u7684\u8c61\u5f81\uff1bblog2.1 \u4e3a\u535a\u5ba2\u7cfb\u7edf\u5c0f\u7248\u672c\u5347\u7ea7V2.1\u7684\u8c61\u5f81\uff1bblog2.1.1\u4e3a\u535a\u5ba2\u7cfb\u7edf\u540c\u7248\u672cbug\u4fee\u590d\u4f18\u5316\u7684\u4fe1\u53f7\u3002","s_number":"99","page_comments":""}],"catalogs":[]},{"cat_id":"37663","cat_name":"\u4efb\u52a1\u8ba1\u5212","parent_cat_id":"0","level":"2","s_number":"3","pages":[{"page_title":"2032\u5e745\u6708","cat_id":"37663","page_content":"### \u7b2c1\u5468\n\n **2032\u5e745\u67081\u65e5\u81f32032\u5e745\u67085\u65e5**\n\n| \u4efb\u52a1\u5185\u5bb9  |  \u4eba\u5458   | \u9884\u4f30\u8017\u65f6  | \u5b9e\u9645\u8017\u65f6  | \u5907\u6ce8  |\n| ------------ | ------------ | ------------ | ------------ | ------------ |\n|\u589e\u52a0\u8868\u683c\u4fe1\u606f\u5bfc\u51fa\u529f\u80fd  | \u5f20\u4e09  |  1\u5929 |   |   |\n|\u79bb\u7ebf\u4efb\u52a1\u7684\u754c\u9762\u5f00\u53d1  | \u5f20\u4e09  |  2\u5929 |   |   |\n| \u7b97\u6cd5\u8c03\u6574\uff0c\u52a0\u5165\u5085\u91cc\u53f6\u53d8\u6362\u7b97\u6cd5\u4f18\u5316  | \u674e\u56db  | 3\u5929|    |    |   \n| \u5bb9\u707e\u5907\u4efd\u65b9\u6848\u7684\u5b9e\u65bd  | \u738b\u4e94  | 4\u5929|    |    |   \n| \u67e5\u8be2\u63a5\u53e3\u7684\u6574\u7406\u548c\u4f18\u5316  | \u8d75\u516d  | 4\u5929|    |    |  | \n\n### \u7b2c2\u5468\n\n **2032\u5e745\u67088\u65e5\u81f32032\u5e745\u670813\u65e5**\n\n| \u4efb\u52a1\u5185\u5bb9  |  \u4eba\u5458   | \u9884\u4f30\u8017\u65f6  | \u5b9e\u9645\u8017\u65f6  | \u5907\u6ce8  |\n| ------------ | ------------ | ------------ | ------------ | ------------ |\n|\u589e\u52a0\u8868\u683c\u4fe1\u606f\u5bfc\u51fa\u529f\u80fd  | \u5f20\u4e09  |  1\u5929 |   |   |\n|\u79bb\u7ebf\u4efb\u52a1\u7684\u754c\u9762\u5f00\u53d1  | \u5f20\u4e09  |  2\u5929 |   |   |\n| \u7b97\u6cd5\u8c03\u6574\uff0c\u52a0\u5165\u5085\u91cc\u53f6\u53d8\u6362\u7b97\u6cd5\u4f18\u5316  | \u674e\u56db  | 3\u5929|    |    |   \n| \u5bb9\u707e\u5907\u4efd\u65b9\u6848\u7684\u5b9e\u65bd  | \u738b\u4e94  | 4\u5929|    |    |   \n| \u67e5\u8be2\u63a5\u53e3\u7684\u6574\u7406\u548c\u4f18\u5316  | \u8d75\u516d  | 4\u5929|    |    |   ","s_number":"99","page_comments":""}],"catalogs":[]},{"cat_id":"37664","cat_name":"\u4f1a\u8bae\u8bb0\u5f55","parent_cat_id":"0","level":"2","s_number":"4","pages":[{"page_title":"2032\u5e7410\u670823\u65e5","cat_id":"37664","page_content":" \u4f1a\u8bae\u5730\u70b9\n\n 3\u697c\u4f1a\u8bae\u5ba4\n\n \u4f1a\u8bae\u65f6\u95f4\n\n2032\u5e7410\u670823\u65e5\n\n \u4f1a\u8bae\u4eba\u5458\n\n\u5f20\u4e09\u3001\u674e\u56db\u3001\u738b\u4e94\u3001\u8d75\u516d\n\n \u4f1a\u8bae\u4e3b\u9898\n\n\u786e\u8ba4\u9e70\u773c\u9879\u76ee\u6280\u672f\u9009\u578b\n\n \u4f1a\u8bae\u8bb0\u5f55\n\n- 1\u3001\u6bd4\u8f83\u5404\u5927\u6280\u672f\u7684\u4f18\u7f3a\u70b9\n- 2\u3001\u5206\u6790\u843d\u5730\u7684\u53ef\u884c\u6027\n- 3\u3001\u4efb\u52a1\u5206\u5de5\u3001\u8fdb\u5ea6\u6392\u671f\n...\n\n\n\n","s_number":"99","page_comments":""}],"catalogs":[]}]}}