{"item_type":"1","item_name":"API\u6587\u6863\u793a\u4f8b","item_description":"","password":"","pages":{"pages":[{"page_title":"\u8bf4\u660e","cat_id":"0","page_content":"\u8fd9\u662f\u7531\u7cfb\u7edf\u751f\u6210\u7684APi\u6587\u6863\u793a\u4f8b\u9879\u76ee\u3002\u9664\u4e86\u624b\u52a8\u7f16\u8f91\u6587\u6863\u5916\uff0c\u4f60\u8fd8\u53ef\u4ee5\u901a\u8fc7\u4ee5\u4e0b\u4e09\u79cd\u65b9\u5f0f\u751f\u6210\u6587\u6863\uff1a\n\n 1. &lt;p style=&quot;font-size:20px;font-weight:bold&quot;&gt;&lt;i style=&quot;color:#ffc107&quot; &gt; &amp;#9733; &lt;\/i&gt;\u4f7f\u7528RunApi\u5de5\u5177\u81ea\u52a8\u751f\u6210\uff08\u63a8\u8350\uff09&lt;i style=&quot;color:#ffc107&quot; &gt;&amp;#9733; &lt;\/i&gt;&lt;\/p&gt;\n \n https:\/\/www.showdoc.com.cn\/runapi\n\n 2. \u4f7f\u7528\u7a0b\u5e8f\u6ce8\u91ca\u81ea\u52a8\u751f\u6210\n \n  https:\/\/www.showdoc.com.cn\/page\/741656402509783\n\n 3. \u81ea\u5df1\u5199\u7a0b\u5e8f\u8c03\u7528\u63a5\u53e3\u6765\u751f\u6210\n \n  https:\/\/www.showdoc.com.cn\/page\/102098","s_number":"98","page_comments":""},{"page_title":"\u5168\u5c40\u9519\u8bef\u7801","cat_id":"0","page_content":"| \u9519\u8bef\u7801  | \u9519\u8bef\u89e3\u91ca  |\n| ------------ | ------------ |\n|  1001 |  \u63a5\u53e3\u8ba4\u8bc1\u5931\u8d25 |\n|  1002 | \u6388\u6743\u8fc7\u671f  |\n|  1003 | \u7f3a\u5931\u53c2\u6570  |\n","s_number":"99","page_comments":""},{"page_title":"\u4fee\u6539\u8bb0\u5f55","cat_id":"0","page_content":"    \n-  2032\u5e745\u6708\n\n|  \u65e5\u671f | \u4fee\u6539\u4eba  | \u6d89\u53ca\u63a5\u53e3  |  \u4fee\u6539\u5185\u5bb9 |\n| ------------ | ------------ | ------------ | ------------ |\n| 5\u670821\u65e5  | \u5f20\u4e09  | \u7528\u6237\u76f8\u5173-\u7528\u6237\u767b\u5f55  | \u65b0\u589e\u53c2\u6570\u6821\u9a8c  |\n| 5\u670821\u65e5  | \u5f20\u4e09  | \u7528\u6237\u76f8\u5173-\u7528\u6237\u767b\u5f55 | \u65b0\u589e\u53c2\u6570\u6821\u9a8c  |\n| 5\u670821\u65e5  | \u5f20\u4e09  | \u7528\u6237\u76f8\u5173-\u7528\u6237\u767b\u5f55  | \u65b0\u589e\u53c2\u6570\u6821\u9a8c  |\n| 5\u670821\u65e5  | \u5f20\u4e09  | \u7528\u6237\u76f8\u5173-\u7528\u6237\u767b\u5f55  | \u65b0\u589e\u53c2\u6570\u6821\u9a8c  |\n| 5\u670821\u65e5  | \u5f20\u4e09  | \u7528\u6237\u76f8\u5173-\u7528\u6237\u767b\u5f55  | \u65b0\u589e\u53c2\u6570\u6821\u9a8c  |\n\n\n    \n-  2032\u5e744\u6708\n\n|  \u65e5\u671f | \u4fee\u6539\u4eba  | \u6d89\u53ca\u63a5\u53e3  |  \u4fee\u6539\u5185\u5bb9 |\n| ------------ | ------------ | ------------ | ------------ |\n| 4\u670821\u65e5  | \u5f20\u4e09  | \u7528\u6237\u76f8\u5173-\u7528\u6237\u767b\u5f55  | \u65b0\u589e\u53c2\u6570\u6821\u9a8c  |\n| 4\u670821\u65e5  | \u5f20\u4e09  | \u7528\u6237\u76f8\u5173-\u7528\u6237\u767b\u5f55  | \u65b0\u589e\u53c2\u6570\u6821\u9a8c  |\n| 4\u670821\u65e5  | \u5f20\u4e09  | \u7528\u6237\u76f8\u5173-\u7528\u6237\u767b\u5f55  | \u65b0\u589e\u53c2\u6570\u6821\u9a8c  |\n| 4\u670821\u65e5  | \u5f20\u4e09  | \u7528\u6237\u76f8\u5173-\u7528\u6237\u767b\u5f55  | \u65b0\u589e\u53c2\u6570\u6821\u9a8c  |\n| 4\u670821\u65e5  | \u5f20\u4e09  | \u7528\u6237\u76f8\u5173-\u7528\u6237\u767b\u5f55  | \u65b0\u589e\u53c2\u6570\u6821\u9a8c  |\n\n\n\n\n","s_number":"99","page_comments":""}],"catalogs":[{"cat_id":"37658","cat_name":"\u7528\u6237\u76f8\u5173","parent_cat_id":"0","level":"2","s_number":"98","pages":[{"page_title":"\u7528\u6237\u6ce8\u518c","cat_id":"37658","page_content":"[TOC]\n\n##### \u7b80\u8981\u63cf\u8ff0\n\n- \u7528\u6237\u6ce8\u518c\u63a5\u53e3\n\n##### \u8bf7\u6c42URL\n- ` http:\/\/xx.com\/api\/user\/register `\n  \n##### \u8bf7\u6c42\u65b9\u5f0f\n- post \n\n##### \u53c2\u6570\n\n|\u53c2\u6570\u540d|\u5fc5\u9009|\u7c7b\u578b|\u8bf4\u660e|\n|:----    |:---|:----- |-----   |\n|username |\u662f  |string |\u7528\u6237\u540d   |\n|password |\u662f  |string | \u5bc6\u7801    |\n|name     |\u5426  |string | \u6635\u79f0    |\n\n ##### \u8fd4\u56de\u793a\u4f8b\n``` \n  {\n    \"error_code\": 0,\n    \"data\": {\n      \"uid\": \"1\",\n      \"username\": \"12154545\",\n      \"name\": \"\u5434\u7cfb\u6302\",\n      \"groupid\": 2 ,\n      \"reg_time\": \"1436864169\",\n      \"last_login_time\": \"0\",\n    }\n  }\n```\n ##### \u8fd4\u56de\u53c2\u6570\u8bf4\u660e \n\n|\u53c2\u6570\u540d|\u7c7b\u578b|\u8bf4\u660e|\n|:-----  |:-----|-----                           |\n|groupid |int   |\u7528\u6237\u7ec4id\uff0c1\uff1a\u8d85\u7ea7\u7ba1\u7406\u5458\uff1b2\uff1a\u666e\u901a\u7528\u6237  |\n\n ##### \u5907\u6ce8\n\n- \u66f4\u591a\u8fd4\u56de\u9519\u8bef\u4ee3\u7801\u8bf7\u770b\u9996\u9875\u7684\u9519\u8bef\u4ee3\u7801\u63cf\u8ff0\n\n","s_number":"99","page_comments":""},{"page_title":"\u7528\u6237\u767b\u5f55","cat_id":"37658","page_content":"[TOC]\n\n##### \u7b80\u8981\u63cf\u8ff0\n\n- \u7528\u6237\u767b\u5f55\u63a5\u53e3\n\n##### \u8bf7\u6c42URL \n- ` http:\/\/xx.com\/api\/user\/login `\n  \n##### \u8bf7\u6c42\u65b9\u5f0f\n- POST \n\n##### \u53c2\u6570\n\n|\u53c2\u6570\u540d|\u5fc5\u9009|\u7c7b\u578b|\u8bf4\u660e|\n|:----    |:---|:----- |-----   |\n|username |\u662f  |string |\u7528\u6237\u540d   |\n|password |\u662f  |string | \u5bc6\u7801    |\n\n\n ##### \u8fd4\u56de\u793a\u4f8b\n``` \n  {\n    \"error_code\": 0,\n    \"data\": {\n      \"uid\": \"1\",\n      \"username\": \"12154545\",\n      \"name\": \"\u5434\u7cfb\u6302\",\n      \"groupid\": 2 ,\n      \"reg_time\": \"1436864169\",\n      \"last_login_time\": \"0\",\n    }\n  }\n```\n ##### \u8fd4\u56de\u53c2\u6570\u8bf4\u660e\n\n|\u53c2\u6570\u540d|\u7c7b\u578b|\u8bf4\u660e|\n|:-----  |:-----|-----                           |\n|groupid |int   |\u7528\u6237\u7ec4id\uff0c1\uff1a\u8d85\u7ea7\u7ba1\u7406\u5458\uff1b2\uff1a\u666e\u901a\u7528\u6237  |\n\n ##### \u5907\u6ce8 \n\n- \u66f4\u591a\u8fd4\u56de\u9519\u8bef\u4ee3\u7801\u8bf7\u770b\u9996\u9875\u7684\u9519\u8bef\u4ee3\u7801\u63cf\u8ff0\n\n","s_number":"99","page_comments":""}],"catalogs":[]},{"cat_id":"37659","cat_name":"\u5730\u7406\u76f8\u5173","parent_cat_id":"0","level":"2","s_number":"99","pages":[],"catalogs":[{"cat_id":"37895","cat_name":"\u56fd\u5185\u6570\u636e","parent_cat_id":"37659","level":"3","s_number":"99","pages":[{"page_title":"\u7701\u4efd\u6570\u636e","cat_id":"37895","page_content":"[TOC]\n\n##### \u7b80\u8981\u63cf\u8ff0 \n\n- \u83b7\u53d6\u5168\u56fd\u7701\u4efd\u6570\u636e\n\n##### \u8bf7\u6c42URL\n- ` http:\/\/xx.com\/api\/geograph\/province `\n  \n##### \u8bf7\u6c42\u65b9\u5f0f\n- GET \n\n##### \u53c2\u6570\n\n\u65e0\n\n##### \u8fd4\u56de\u793a\u4f8b\n``` \n{\n    \"error_code\": 0,\n    \"data\": [\n        {\n            \"id\": \"1\",\n            \"code\": \"11\",\n            \"parentid\": \"0\",\n            \"name\": \"\u5317\u4eac\u5e02\",\n            \"level\": \"1\"\n        },\n        {\n            \"id\": \"636\",\n            \"code\": \"13\",\n            \"parentid\": \"0\",\n            \"name\": \"\u6cb3\u5317\u7701\",\n            \"level\": \"1\"\n        },\n     .....     \n    ]\n}\n\n```\n##### \u8fd4\u56de\u53c2\u6570\u8bf4\u660e  \n\n\u65e0\n\n##### \u5907\u6ce8\n\n- \u66f4\u591a\u8fd4\u56de\u9519\u8bef\u4ee3\u7801\u8bf7\u770b\u9996\u9875\u7684\u9519\u8bef\u4ee3\u7801\u63cf\u8ff0\n\n\n","s_number":"99","page_comments":""},{"page_title":"\u57ce\u5e02\u6570\u636e","cat_id":"37895","page_content":"[TOC]\n\n##### \u7b80\u8981\u63cf\u8ff0\n\n- \u83b7\u53d6\u67d0\u4e2a\u7701\u4efd\u7684\u57ce\u5e02\u6570\u636e\n\n##### \u8bf7\u6c42URL\n- ` http:\/\/xx.com\/api\/geograph\/citys `\n  \n##### \u8bf7\u6c42\u65b9\u5f0f\n- GET \n\n##### \u53c2\u6570\n\n|\u53c2\u6570\u540d|\u5fc5\u9009|\u7c7b\u578b|\u8bf4\u660e|\n|:----    |:---|:----- |-----   |\n|code |\u662f  |string |\u7701\u4efd\u4ee3\u7801   |\n\n##### \u8fd4\u56de\u793a\u4f8b\n``` \n{\n    \"error_code\": 0,\n    \"data\": [\n        {\n            \"id\": \"28241\",\n            \"code\": \"4401\",\n            \"parentid\": \"44\",\n            \"name\": \"\u5e7f\u5dde\u5e02\",\n            \"level\": \"2\"\n        },\n        {\n            \"id\": \"28421\",\n            \"code\": \"4402\",\n            \"parentid\": \"44\",\n            \"name\": \"\u97f6\u5173\u5e02\",\n            \"level\": \"2\"\n        },\n        {\n            \"id\": \"28558\",\n            \"code\": \"4403\",\n            \"parentid\": \"44\",\n            \"name\": \"\u6df1\u5733\u5e02\",\n            \"level\": \"2\"\n        },\n       ....\n    ]\n}\n```\n##### \u8fd4\u56de\u53c2\u6570\u8bf4\u660e\n\u65e0\n\n##### \u5907\u6ce8\n\n- \u66f4\u591a\u8fd4\u56de\u9519\u8bef\u4ee3\u7801\u8bf7\u770b\u9996\u9875\u7684\u9519\u8bef\u4ee3\u7801\u63cf\u8ff0\n\n","s_number":"99","page_comments":""}],"catalogs":[]}]}]}}