{"item_type":"1","item_name":"API\u6587\u6863\u793a\u4f8b","item_description":"","password":"","pages":{"pages":[{"page_title":"\u8bf4\u660e","cat_id":"0","page_content":"\u8fd9\u662f\u7531\u7cfb\u7edf\u751f\u6210\u7684APi\u6587\u6863\u793a\u4f8b\u9879\u76ee\u3002\n\n\u9664\u4e86\u624b\u52a8\u7f16\u8f91\u6587\u6863\u5916\uff0c\u4f60\u8fd8\u53ef\u4ee5\u901a\u8fc7\u4ee5\u4e0b\u4e09\u79cd\u65b9\u5f0f\u751f\u6210\u6587\u6863\uff1a\n\n- ### \u4f7f\u7528RunApi\u5de5\u5177\u81ea\u52a8\u751f\u6210\uff08\u63a8\u8350\uff09https:\/\/www.showdoc.com.cn\/runapi\n\n- \u4f7f\u7528\u7a0b\u5e8f\u6ce8\u91ca\u81ea\u52a8\u751f\u6210 https:\/\/www.showdoc.com.cn\/page\/741656402509783\n\n- \u81ea\u5df1\u5199\u7a0b\u5e8f\u8c03\u7528\u63a5\u53e3\u6765\u751f\u6210 https:\/\/www.showdoc.com.cn\/page\/102098","s_number":"98","page_comments":""},{"page_title":"\u5168\u5c40\u9519\u8bef\u7801","cat_id":"0","page_content":"| \u9519\u8bef\u7801  | \u9519\u8bef\u89e3\u91ca  |\n| ------------ | ------------ |\n|  1001 |  \u63a5\u53e3\u8ba4\u8bc1\u5931\u8d25 |\n|  1002 | \u6388\u6743\u8fc7\u671f  |\n|  1003 | \u7f3a\u5931\u53c2\u6570  |\n","s_number":"99","page_comments":""},{"page_title":"\u4fee\u6539\u8bb0\u5f55","cat_id":"0","page_content":"    \n-  2032\u5e745\u6708\n\n|  \u65e5\u671f | \u4fee\u6539\u4eba  | \u6d89\u53ca\u63a5\u53e3  |  \u4fee\u6539\u5185\u5bb9 |\n| ------------ | ------------ | ------------ | ------------ |\n| 5\u670821\u65e5  | \u5f20\u4e09  | \u7528\u6237\u76f8\u5173-\u7528\u6237\u767b\u5f55  | \u65b0\u589e\u53c2\u6570\u6821\u9a8c  |\n| 5\u670821\u65e5  | \u5f20\u4e09  | \u7528\u6237\u76f8\u5173-\u7528\u6237\u767b\u5f55 | \u65b0\u589e\u53c2\u6570\u6821\u9a8c  |\n| 5\u670821\u65e5  | \u5f20\u4e09  | \u7528\u6237\u76f8\u5173-\u7528\u6237\u767b\u5f55  | \u65b0\u589e\u53c2\u6570\u6821\u9a8c  |\n| 5\u670821\u65e5  | \u5f20\u4e09  | \u7528\u6237\u76f8\u5173-\u7528\u6237\u767b\u5f55  | \u65b0\u589e\u53c2\u6570\u6821\u9a8c  |\n| 5\u670821\u65e5  | \u5f20\u4e09  | \u7528\u6237\u76f8\u5173-\u7528\u6237\u767b\u5f55  | \u65b0\u589e\u53c2\u6570\u6821\u9a8c  |\n\n\n    \n-  2032\u5e744\u6708\n\n|  \u65e5\u671f | \u4fee\u6539\u4eba  | \u6d89\u53ca\u63a5\u53e3  |  \u4fee\u6539\u5185\u5bb9 |\n| ------------ | ------------ | ------------ | ------------ |\n| 4\u670821\u65e5  | \u5f20\u4e09  | \u7528\u6237\u76f8\u5173-\u7528\u6237\u767b\u5f55  | \u65b0\u589e\u53c2\u6570\u6821\u9a8c  |\n| 4\u670821\u65e5  | \u5f20\u4e09  | \u7528\u6237\u76f8\u5173-\u7528\u6237\u767b\u5f55  | \u65b0\u589e\u53c2\u6570\u6821\u9a8c  |\n| 4\u670821\u65e5  | \u5f20\u4e09  | \u7528\u6237\u76f8\u5173-\u7528\u6237\u767b\u5f55  | \u65b0\u589e\u53c2\u6570\u6821\u9a8c  |\n| 4\u670821\u65e5  | \u5f20\u4e09  | \u7528\u6237\u76f8\u5173-\u7528\u6237\u767b\u5f55  | \u65b0\u589e\u53c2\u6570\u6821\u9a8c  |\n| 4\u670821\u65e5  | \u5f20\u4e09  | \u7528\u6237\u76f8\u5173-\u7528\u6237\u767b\u5f55  | \u65b0\u589e\u53c2\u6570\u6821\u9a8c  |\n\n\n\n**\u5907\u6ce8**\n\u5728\u6d89\u53ca\u591a\u9875\u9762\u3001\u591a\u4fee\u6539\u60c5\u51b5\u4e0b\uff0c\u9879\u76ee\u7ba1\u7406\u5458\u53ef\u4ee5\u8003\u8651\u5c06\u9879\u76ee\u590d\u5236\u5907\u4efd\u3002\u5177\u4f53\u64cd\u4f5c\u662f\uff0c\u56de\u5230\u9879\u76ee\u4e3b\u9875\uff0c\u70b9\u51fb\u65b0\u5efa\u9879\u76ee\uff0c\u52fe\u9009\u201c\u590d\u5236\u5df2\u5b58\u5728\u9879\u76ee\u201d\u3002\n","s_number":"99","page_comments":""}],"catalogs":[{"cat_id":"37658","cat_name":"\u7528\u6237\u76f8\u5173","parent_cat_id":"0","level":"2","s_number":"98","pages":[{"page_title":"\u7528\u6237\u6ce8\u518c","cat_id":"37658","page_content":"**\u7b80\u8981\u63cf\u8ff0\uff1a** \n\n- \u7528\u6237\u6ce8\u518c\u63a5\u53e3\n\n**\u8bf7\u6c42URL\uff1a** \n- ` http:\/\/xx.com\/api\/user\/register `\n  \n**\u8bf7\u6c42\u65b9\u5f0f\uff1a**\n- POST \n\n**\u53c2\u6570\uff1a** \n\n|\u53c2\u6570\u540d|\u5fc5\u9009|\u7c7b\u578b|\u8bf4\u660e|\n|:----    |:---|:----- |-----   |\n|username |\u662f  |string |\u7528\u6237\u540d   |\n|password |\u662f  |string | \u5bc6\u7801    |\n|name     |\u5426  |string | \u6635\u79f0    |\n\n **\u8fd4\u56de\u793a\u4f8b**\n``` \n  {\n    &quot;error_code&quot;: 0,\n    &quot;data&quot;: {\n      &quot;uid&quot;: &quot;1&quot;,\n      &quot;username&quot;: &quot;12154545&quot;,\n      &quot;name&quot;: &quot;\u5434\u7cfb\u6302&quot;,\n      &quot;groupid&quot;: 2 ,\n      &quot;reg_time&quot;: &quot;1436864169&quot;,\n      &quot;last_login_time&quot;: &quot;0&quot;,\n    }\n  }\n```\n **\u8fd4\u56de\u53c2\u6570\u8bf4\u660e** \n\n|\u53c2\u6570\u540d|\u7c7b\u578b|\u8bf4\u660e|\n|:-----  |:-----|-----                           |\n|groupid |int   |\u7528\u6237\u7ec4id\uff0c1\uff1a\u8d85\u7ea7\u7ba1\u7406\u5458\uff1b2\uff1a\u666e\u901a\u7528\u6237  |\n\n **\u5907\u6ce8** \n\n- \u66f4\u591a\u8fd4\u56de\u9519\u8bef\u4ee3\u7801\u8bf7\u770b\u9996\u9875\u7684\u9519\u8bef\u4ee3\u7801\u63cf\u8ff0\n\n","s_number":"99","page_comments":""},{"page_title":"\u7528\u6237\u767b\u5f55","cat_id":"37658","page_content":"**\u7b80\u8981\u63cf\u8ff0\uff1a** \n\n- \u7528\u6237\u767b\u5f55\u63a5\u53e3\n\n**\u8bf7\u6c42URL\uff1a** \n- ` http:\/\/xx.com\/api\/user\/login `\n  \n**\u8bf7\u6c42\u65b9\u5f0f\uff1a**\n- POST \n\n**\u53c2\u6570\uff1a** \n\n|\u53c2\u6570\u540d|\u5fc5\u9009|\u7c7b\u578b|\u8bf4\u660e|\n|:----    |:---|:----- |-----   |\n|username |\u662f  |string |\u7528\u6237\u540d   |\n|password |\u662f  |string | \u5bc6\u7801    |\n\n\n **\u8fd4\u56de\u793a\u4f8b**\n``` \n  {\n    &quot;error_code&quot;: 0,\n    &quot;data&quot;: {\n      &quot;uid&quot;: &quot;1&quot;,\n      &quot;username&quot;: &quot;12154545&quot;,\n      &quot;name&quot;: &quot;\u5434\u7cfb\u6302&quot;,\n      &quot;groupid&quot;: 2 ,\n      &quot;reg_time&quot;: &quot;1436864169&quot;,\n      &quot;last_login_time&quot;: &quot;0&quot;,\n    }\n  }\n```\n **\u8fd4\u56de\u53c2\u6570\u8bf4\u660e** \n\n|\u53c2\u6570\u540d|\u7c7b\u578b|\u8bf4\u660e|\n|:-----  |:-----|-----                           |\n|groupid |int   |\u7528\u6237\u7ec4id\uff0c1\uff1a\u8d85\u7ea7\u7ba1\u7406\u5458\uff1b2\uff1a\u666e\u901a\u7528\u6237  |\n\n **\u5907\u6ce8** \n\n- \u66f4\u591a\u8fd4\u56de\u9519\u8bef\u4ee3\u7801\u8bf7\u770b\u9996\u9875\u7684\u9519\u8bef\u4ee3\u7801\u63cf\u8ff0\n\n","s_number":"99","page_comments":""}],"catalogs":[]},{"cat_id":"37659","cat_name":"\u5730\u7406\u76f8\u5173","parent_cat_id":"0","level":"2","s_number":"99","pages":[],"catalogs":[{"cat_id":"37895","cat_name":"\u56fd\u5185\u6570\u636e","parent_cat_id":"37659","level":"3","s_number":"99","pages":[{"page_title":"\u7701\u4efd\u6570\u636e","cat_id":"37895","page_content":"**\u7b80\u8981\u63cf\u8ff0\uff1a** \n\n- \u83b7\u53d6\u5168\u56fd\u7701\u4efd\u6570\u636e\n\n**\u8bf7\u6c42URL\uff1a** \n- ` http:\/\/xx.com\/api\/geograph\/province `\n  \n**\u8bf7\u6c42\u65b9\u5f0f\uff1a**\n- GET \n\n**\u53c2\u6570\uff1a** \n\n\u65e0\n\n **\u8fd4\u56de\u793a\u4f8b**\n``` \n{\n    &quot;error_code&quot;: 0,\n    &quot;data&quot;: [\n        {\n            &quot;id&quot;: &quot;1&quot;,\n            &quot;code&quot;: &quot;11&quot;,\n            &quot;parentid&quot;: &quot;0&quot;,\n            &quot;name&quot;: &quot;\u5317\u4eac\u5e02&quot;,\n            &quot;level&quot;: &quot;1&quot;\n        },\n        {\n            &quot;id&quot;: &quot;636&quot;,\n            &quot;code&quot;: &quot;13&quot;,\n            &quot;parentid&quot;: &quot;0&quot;,\n            &quot;name&quot;: &quot;\u6cb3\u5317\u7701&quot;,\n            &quot;level&quot;: &quot;1&quot;\n        },\n     .....     \n    ]\n}\n\n```\n **\u8fd4\u56de\u53c2\u6570\u8bf4\u660e** \n\n\u65e0\n\n **\u5907\u6ce8** \n\n- \u66f4\u591a\u8fd4\u56de\u9519\u8bef\u4ee3\u7801\u8bf7\u770b\u9996\u9875\u7684\u9519\u8bef\u4ee3\u7801\u63cf\u8ff0\n\n\n","s_number":"99","page_comments":""},{"page_title":"\u57ce\u5e02\u6570\u636e","cat_id":"37895","page_content":"**\u7b80\u8981\u63cf\u8ff0\uff1a** \n\n- \u83b7\u53d6\u67d0\u4e2a\u7701\u4efd\u7684\u57ce\u5e02\u6570\u636e\n\n**\u8bf7\u6c42URL\uff1a** \n- ` http:\/\/xx.com\/api\/geograph\/citys `\n  \n**\u8bf7\u6c42\u65b9\u5f0f\uff1a**\n- GET \n\n**\u53c2\u6570\uff1a** \n\n|\u53c2\u6570\u540d|\u5fc5\u9009|\u7c7b\u578b|\u8bf4\u660e|\n|:----    |:---|:----- |-----   |\n|code |\u662f  |string |\u7701\u4efd\u4ee3\u7801   |\n\n **\u8fd4\u56de\u793a\u4f8b**\n``` \n{\n    &quot;error_code&quot;: 0,\n    &quot;data&quot;: [\n        {\n            &quot;id&quot;: &quot;28241&quot;,\n            &quot;code&quot;: &quot;4401&quot;,\n            &quot;parentid&quot;: &quot;44&quot;,\n            &quot;name&quot;: &quot;\u5e7f\u5dde\u5e02&quot;,\n            &quot;level&quot;: &quot;2&quot;\n        },\n        {\n            &quot;id&quot;: &quot;28421&quot;,\n            &quot;code&quot;: &quot;4402&quot;,\n            &quot;parentid&quot;: &quot;44&quot;,\n            &quot;name&quot;: &quot;\u97f6\u5173\u5e02&quot;,\n            &quot;level&quot;: &quot;2&quot;\n        },\n        {\n            &quot;id&quot;: &quot;28558&quot;,\n            &quot;code&quot;: &quot;4403&quot;,\n            &quot;parentid&quot;: &quot;44&quot;,\n            &quot;name&quot;: &quot;\u6df1\u5733\u5e02&quot;,\n            &quot;level&quot;: &quot;2&quot;\n        },\n       ....\n    ]\n}\n```\n **\u8fd4\u56de\u53c2\u6570\u8bf4\u660e** \n\u65e0\n\n **\u5907\u6ce8** \n\n- \u66f4\u591a\u8fd4\u56de\u9519\u8bef\u4ee3\u7801\u8bf7\u770b\u9996\u9875\u7684\u9519\u8bef\u4ee3\u7801\u63cf\u8ff0\n\n","s_number":"99","page_comments":""}],"catalogs":[]}]}]}}